{
	"Version": 3,
	"Meta": {
		"Duration": 3.733,
		"Fps": 30.0,
		"Loop": true,
		"AreBeziersRestricted": true,
		"CurveCount": 11,
		"TotalSegmentCount": 65,
		"TotalPointCount": 200,
		"UserDataCount": 0,
		"TotalUserDataSize": 0
	},
	"Curves": [
		{
			"Target": "Parameter",
			"Id": "ParamAngleX",
			"Segments": [
				0,
				0,
				1,
				0.156,
				0,
				0.311,
				0,
				0.467,
				0,
				1,
				0.589,
				0,
				0.711,
				0,
				0.833,
				0,
				1,
				0.889,
				0,
				0.944,
				0,
				1,
				0,
				1,
				1.089,
				0,
				1.178,
				0,
				1.267,
				0,
				1,
				1.956,
				0,
				2.644,
				-20,
				3.333,
				-20,
				1,
				3.467,
				-20,
				3.6,
				0,
				3.733,
				0
			]
		},
		{
			"Target": "Parameter",
			"Id": "ParamAngleY",
			"Segments": [
				0,
				0,
				1,
				0.156,
				0,
				0.311,
				26,
				0.467,
				26,
				1,
				0.589,
				26,
				0.711,
				-21,
				0.833,
				-21,
				1,
				0.889,
				-21,
				0.944,
				0,
				1,
				0,
				1,
				1.089,
				0,
				1.178,
				-30,
				1.267,
				-30,
				1,
				1.956,
				-30,
				2.644,
				-20.623,
				3.333,
				-4,
				1,
				3.467,
				-0.783,
				3.6,
				0,
				3.733,
				0
			]
		},
		{
			"Target": "Parameter",
			"Id": "ParamBodyAngleY",
			"Segments": [
				0,
				0,
				1,
				0.156,
				0,
				0.311,
				10,
				0.467,
				10,
				1,
				0.589,
				10,
				0.711,
				-10,
				0.833,
				-10,
				1,
				0.889,
				-10,
				0.944,
				0,
				1,
				0,
				1,
				1.778,
				0,
				2.556,
				0,
				3.333,
				0,
				1,
				3.467,
				0,
				3.6,
				0,
				3.733,
				0
			]
		},
		{
			"Target": "Parameter",
			"Id": "ParamEyeLOpen",
			"Segments": [
				0,
				1,
				1,
				0.156,
				1,
				0.311,
				2,
				0.467,
				2,
				1,
				0.567,
				2,
				0.667,
				0,
				0.767,
				0,
				1,
				0.844,
				0,
				0.922,
				0.6,
				1,
				0.6,
				1,
				1.111,
				0.6,
				1.222,
				0.6,
				1.333,
				0.6,
				1,
				1.411,
				0.6,
				1.489,
				0.6,
				1.567,
				0.6,
				1,
				1.644,
				0.6,
				1.722,
				0,
				1.8,
				0,
				1,
				1.978,
				0,
				2.156,
				0.5,
				2.333,
				0.6,
				1,
				2.667,
				0.787,
				3,
				0.8,
				3.333,
				0.8,
				1,
				3.411,
				0.8,
				3.489,
				0,
				3.567,
				0,
				1,
				3.622,
				0,
				3.678,
				1.1,
				3.733,
				1.1
			]
		},
		{
			"Target": "Parameter",
			"Id": "ParamEyeROpen",
			"Segments": [
				0,
				1,
				1,
				0.156,
				1,
				0.311,
				1.9,
				0.467,
				1.9,
				1,
				0.567,
				1.9,
				0.667,
				0,
				0.767,
				0,
				1,
				0.844,
				0,
				0.922,
				0.6,
				1,
				0.6,
				1,
				1.111,
				0.6,
				1.222,
				0.6,
				1.333,
				0.6,
				1,
				1.411,
				0.6,
				1.489,
				0.6,
				1.567,
				0.6,
				1,
				1.644,
				0.6,
				1.722,
				0,
				1.8,
				0,
				1,
				1.978,
				0,
				2.156,
				0.5,
				2.333,
				0.6,
				1,
				2.667,
				0.787,
				3,
				0.8,
				3.333,
				0.8,
				1,
				3.411,
				0.8,
				3.489,
				0,
				3.567,
				0,
				1,
				3.622,
				0,
				3.678,
				1,
				3.733,
				1
			]
		},
		{
			"Target": "Parameter",
			"Id": "ParamEyeBallX",
			"Segments": [
				0,
				0,
				1,
				0.333,
				0,
				0.667,
				0,
				1,
				0,
				1,
				1.611,
				0,
				2.222,
				0,
				2.833,
				0,
				1,
				3.133,
				0,
				3.433,
				0,
				3.733,
				0
			]
		},
		{
			"Target": "Parameter",
			"Id": "ParamEyeBallY",
			"Segments": [
				0,
				0,
				1,
				0.333,
				0,
				0.667,
				-1,
				1,
				-1,
				1,
				1.611,
				-1,
				2.222,
				-1,
				2.833,
				-1,
				1,
				3.133,
				-1,
				3.433,
				0,
				3.733,
				0
			]
		},
		{
			"Target": "Parameter",
			"Id": "Param26",
			"Segments": [
				0,
				0,
				1,
				0.222,
				0,
				0.444,
				1.1,
				0.667,
				1.1,
				1,
				0.811,
				1.1,
				0.956,
				-1.5,
				1.1,
				-1.5,
				1,
				1.844,
				-1.5,
				2.589,
				-1.5,
				3.333,
				-1.5,
				1,
				3.467,
				-1.5,
				3.6,
				0,
				3.733,
				0
			]
		},
		{
			"Target": "Parameter",
			"Id": "Param50",
			"Segments": [
				0,
				0,
				1,
				0.222,
				0,
				0.444,
				1.1,
				0.667,
				1.1,
				1,
				0.811,
				1.1,
				0.956,
				-1.5,
				1.1,
				-1.5,
				1,
				1.844,
				-1.5,
				2.589,
				-1.5,
				3.333,
				-1.5,
				1,
				3.467,
				-1.5,
				3.6,
				0,
				3.733,
				0
			]
		},
		{
			"Target": "Parameter",
			"Id": "Param21",
			"Segments": [
				0,
				0,
				0,
				0.833,
				0,
				1,
				0.933,
				0,
				1.033,
				0.4,
				1.133,
				0.4,
				1,
				1.167,
				0.4,
				1.2,
				0,
				1.233,
				0,
				1,
				1.322,
				0,
				1.411,
				0,
				1.5,
				0,
				1,
				1.6,
				0,
				1.7,
				0.4,
				1.8,
				0.4,
				1,
				1.844,
				0.4,
				1.889,
				0,
				1.933,
				0,
				1,
				2.011,
				0,
				2.089,
				0,
				2.167,
				0,
				1,
				2.267,
				0,
				2.367,
				0.4,
				2.467,
				0.4,
				1,
				2.511,
				0.4,
				2.556,
				0,
				2.6,
				0,
				1,
				2.667,
				0,
				2.733,
				0,
				2.8,
				0,
				1,
				2.9,
				0,
				3,
				0.4,
				3.1,
				0.4,
				1,
				3.144,
				0.4,
				3.189,
				0,
				3.233,
				0,
				0,
				3.733,
				0
			]
		},
		{
			"Target": "Parameter",
			"Id": "Param22",
			"Segments": [
				0,
				0,
				0,
				3.733,
				0
			]
		}
	]
}