{
	"Version": 3,
	"Meta": {
		"Duration": 0.833,
		"Fps": 30.0,
		"Loop": true,
		"AreBeziersRestricted": true,
		"CurveCount": 9,
		"TotalSegmentCount": 23,
		"TotalPointCount": 72,
		"UserDataCount": 0,
		"TotalUserDataSize": 0
	},
	"Curves": [
		{
			"Target": "Parameter",
			"Id": "ParamAngleX",
			"Segments": [
				0,
				11,
				0,
				0.833,
				11
			]
		},
		{
			"Target": "Parameter",
			"Id": "ParamAngleY",
			"Segments": [
				0,
				27,
				0,
				0.833,
				27
			]
		},
		{
			"Target": "Parameter",
			"Id": "ParamBodyAngleX",
			"Segments": [
				0,
				-5,
				1,
				0.133,
				-5,
				0.267,
				5,
				0.4,
				5,
				1,
				0.544,
				5,
				0.689,
				-5,
				0.833,
				-5
			]
		},
		{
			"Target": "Parameter",
			"Id": "ParamBodyAngleY",
			"Segments": [
				0,
				10,
				1,
				0.133,
				10,
				0.267,
				-10,
				0.4,
				-10,
				1,
				0.544,
				-10,
				0.689,
				10,
				0.833,
				10
			]
		},
		{
			"Target": "Parameter",
			"Id": "exp2",
			"Segments": [
				0,
				1,
				0,
				0.833,
				1
			]
		},
		{
			"Target": "Parameter",
			"Id": "Param21",
			"Segments": [
				0,
				0.2,
				1,
				0.144,
				0.2,
				0.289,
				0.8,
				0.433,
				0.8,
				1,
				0.567,
				0.8,
				0.7,
				0.2,
				0.833,
				0.2
			]
		},
		{
			"Target": "Parameter",
			"Id": "Param22",
			"Segments": [
				0,
				0.8,
				1,
				0.144,
				0.8,
				0.289,
				0.2,
				0.433,
				0.2,
				1,
				0.567,
				0.2,
				0.7,
				0.8,
				0.833,
				0.8
			]
		},
		{
			"Target": "Parameter",
			"Id": "Param23",
			"Segments": [
				0,
				-0.5,
				1,
				0.056,
				-0.5,
				0.111,
				1.4,
				0.167,
				1.4,
				1,
				0.222,
				1.4,
				0.278,
				-0.5,
				0.333,
				-0.5,
				1,
				0.378,
				-0.5,
				0.422,
				1.3,
				0.467,
				1.3,
				1,
				0.511,
				1.3,
				0.556,
				-0.5,
				0.6,
				-0.5,
				1,
				0.644,
				-0.5,
				0.689,
				1.3,
				0.733,
				1.3,
				1,
				0.767,
				1.3,
				0.8,
				-0.5,
				0.833,
				-0.5
			]
		},
		{
			"Target": "Parameter",
			"Id": "Param46",
			"Segments": [
				0,
				-0.5,
				1,
				0.056,
				-0.566,
				0.111,
				1.428,
				0.167,
				1.4,
				1,
				0.222,
				1.496,
				0.278,
				-0.549,
				0.333,
				-0.5,
				1,
				0.378,
				-0.554,
				0.422,
				1.36,
				0.467,
				1.3,
				1,
				0.511,
				1.3,
				0.556,
				-0.5,
				0.6,
				-0.5,
				1,
				0.644,
				-0.554,
				0.689,
				1.36,
				0.733,
				1.3,
				1,
				0.767,
				1.3,
				0.8,
				-0.5,
				0.833,
				-0.5
			]
		}
	]
}