{
	"Version": 3,
	"Meta": {
		"Duration": 3.933,
		"Fps": 30.0,
		"Loop": true,
		"AreBeziersRestricted": true,
		"CurveCount": 15,
		"TotalSegmentCount": 119,
		"TotalPointCount": 338,
		"UserDataCount": 0,
		"TotalUserDataSize": 0
	},
	"Curves": [
		{
			"Target": "Parameter",
			"Id": "ParamAngleX",
			"Segments": [
				0,
				0,
				1,
				0.156,
				0,
				0.311,
				3.077,
				0.467,
				6,
				1,
				0.678,
				9.967,
				0.889,
				11,
				1.1,
				11,
				0,
				3.933,
				11
			]
		},
		{
			"Target": "Parameter",
			"Id": "ParamAngleY",
			"Segments": [
				0,
				0,
				1,
				0.156,
				0,
				0.311,
				18.408,
				0.467,
				22,
				1,
				0.678,
				26.875,
				0.889,
				27,
				1.1,
				27,
				0,
				3.933,
				27
			]
		},
		{
			"Target": "Parameter",
			"Id": "ParamBodyAngleX",
			"Segments": [
				0,
				0,
				1,
				0.222,
				0,
				0.444,
				0,
				0.667,
				0,
				1,
				0.833,
				0,
				1,
				-5,
				1.167,
				-5,
				1,
				1.333,
				-5,
				1.5,
				5,
				1.667,
				5,
				1,
				1.833,
				5,
				2,
				-5,
				2.167,
				-5,
				1,
				2.333,
				-5,
				2.5,
				5,
				2.667,
				5,
				1,
				2.833,
				5,
				3,
				-5,
				3.167,
				-5,
				1,
				3.3,
				-5,
				3.433,
				5,
				3.567,
				5,
				1,
				3.689,
				5,
				3.811,
				-5,
				3.933,
				-5
			]
		},
		{
			"Target": "Parameter",
			"Id": "ParamBodyAngleY",
			"Segments": [
				0,
				0,
				1,
				0.222,
				0,
				0.444,
				0,
				0.667,
				0,
				1,
				0.833,
				0,
				1,
				10,
				1.167,
				10,
				1,
				1.333,
				10,
				1.5,
				-10,
				1.667,
				-10,
				1,
				1.833,
				-10,
				2,
				10,
				2.167,
				10,
				1,
				2.333,
				10,
				2.5,
				-10,
				2.667,
				-10,
				1,
				2.833,
				-10,
				3,
				10,
				3.167,
				10,
				1,
				3.3,
				10,
				3.433,
				-10,
				3.567,
				-10,
				1,
				3.689,
				-10,
				3.811,
				10,
				3.933,
				10
			]
		},
		{
			"Target": "Parameter",
			"Id": "exp2",
			"Segments": [
				0,
				0,
				0,
				0.167,
				0,
				1,
				0.222,
				0,
				0.278,
				1,
				0.333,
				1,
				0,
				3.933,
				1
			]
		},
		{
			"Target": "Parameter",
			"Id": "Param30",
			"Segments": [
				0,
				0,
				1,
				0.1,
				0,
				0.2,
				-0.516,
				0.3,
				-2,
				1,
				0.422,
				-3.813,
				0.544,
				-5,
				0.667,
				-5,
				0,
				3.933,
				-5
			]
		},
		{
			"Target": "Parameter",
			"Id": "Param19",
			"Segments": [
				0,
				0,
				1,
				0.189,
				0,
				0.378,
				1,
				0.567,
				1,
				0,
				3.933,
				1
			]
		},
		{
			"Target": "Parameter",
			"Id": "Param20",
			"Segments": [
				0,
				0,
				1,
				0.078,
				0,
				0.156,
				0,
				0.233,
				0,
				1,
				0.378,
				0,
				0.522,
				7,
				0.667,
				7,
				0,
				3.933,
				7
			]
		},
		{
			"Target": "Parameter",
			"Id": "Param31",
			"Segments": [
				0,
				0,
				1,
				0.078,
				0,
				0.156,
				0,
				0.233,
				0,
				1,
				0.344,
				0,
				0.456,
				-1,
				0.567,
				-1,
				0,
				3.933,
				-1
			]
		},
		{
			"Target": "Parameter",
			"Id": "Param49",
			"Segments": [
				0,
				0,
				0,
				0.2,
				0,
				1,
				0.267,
				0,
				0.333,
				6,
				0.4,
				6,
				1,
				0.489,
				6,
				0.578,
				-5,
				0.667,
				-5,
				1,
				0.756,
				-5,
				0.844,
				6,
				0.933,
				6,
				1,
				1.011,
				6,
				1.089,
				0,
				1.167,
				0,
				0,
				3.933,
				0
			]
		},
		{
			"Target": "Parameter",
			"Id": "Param21",
			"Segments": [
				0,
				0,
				0,
				0.5,
				0,
				1,
				0.556,
				0,
				0.611,
				1,
				0.667,
				1,
				1,
				0.778,
				1,
				0.889,
				0.3,
				1,
				0.3,
				1,
				1.167,
				0.3,
				1.333,
				0.8,
				1.5,
				0.8,
				1,
				1.667,
				0.8,
				1.833,
				0.2,
				2,
				0.2,
				1,
				2.167,
				0.2,
				2.333,
				0.7,
				2.5,
				0.7,
				1,
				2.667,
				0.7,
				2.833,
				0.2,
				3,
				0.2,
				1,
				3.167,
				0.2,
				3.333,
				0.8,
				3.5,
				0.8,
				1,
				3.644,
				0.8,
				3.789,
				0.2,
				3.933,
				0.2
			]
		},
		{
			"Target": "Parameter",
			"Id": "Param22",
			"Segments": [
				0,
				0,
				0,
				0.5,
				0,
				1,
				0.667,
				0,
				0.833,
				0.8,
				1,
				0.8,
				1,
				1.167,
				0.8,
				1.333,
				0.2,
				1.5,
				0.2,
				1,
				1.667,
				0.2,
				1.833,
				0.8,
				2,
				0.8,
				1,
				2.167,
				0.8,
				2.333,
				0.2,
				2.5,
				0.2,
				1,
				2.667,
				0.2,
				2.833,
				0.8,
				3,
				0.8,
				1,
				3.167,
				0.8,
				3.333,
				0.2,
				3.5,
				0.2,
				1,
				3.644,
				0.2,
				3.789,
				0.8,
				3.933,
				0.8
			]
		},
		{
			"Target": "Parameter",
			"Id": "Param23",
			"Segments": [
				0,
				0,
				0,
				0.3,
				0,
				1,
				0.367,
				0,
				0.433,
				-0.5,
				0.5,
				-0.5,
				1,
				0.533,
				-0.5,
				0.567,
				2,
				0.6,
				2,
				1,
				0.644,
				2,
				0.689,
				-0.5,
				0.733,
				-0.5,
				1,
				0.778,
				-0.5,
				0.822,
				2,
				0.867,
				2,
				1,
				0.911,
				2,
				0.956,
				-0.5,
				1,
				-0.5,
				1,
				1.044,
				-0.5,
				1.089,
				2,
				1.133,
				2,
				1,
				1.178,
				2,
				1.222,
				-0.5,
				1.267,
				-0.5,
				1,
				1.311,
				-0.5,
				1.356,
				2,
				1.4,
				2,
				1,
				1.444,
				2,
				1.489,
				-0.5,
				1.533,
				-0.5,
				1,
				1.578,
				-0.5,
				1.622,
				2,
				1.667,
				2,
				1,
				1.711,
				2,
				1.756,
				-0.5,
				1.8,
				-0.5,
				1,
				1.844,
				-0.5,
				1.889,
				1.3,
				1.933,
				1.3,
				1,
				1.978,
				1.3,
				2.022,
				-0.5,
				2.067,
				-0.5,
				1,
				2.111,
				-0.5,
				2.156,
				1.3,
				2.2,
				1.3,
				1,
				2.244,
				1.3,
				2.289,
				-0.5,
				2.333,
				-0.5,
				1,
				2.367,
				-0.5,
				2.4,
				-0.459,
				2.433,
				0,
				1,
				2.478,
				0.612,
				2.522,
				1.3,
				2.567,
				1.3,
				1,
				2.611,
				1.3,
				2.656,
				-0.5,
				2.7,
				-0.5,
				1,
				2.744,
				-0.5,
				2.789,
				1.4,
				2.833,
				1.4,
				1,
				2.878,
				1.4,
				2.922,
				-0.5,
				2.967,
				-0.5,
				1,
				3.011,
				-0.5,
				3.056,
				1.3,
				3.1,
				1.3,
				1,
				3.144,
				1.3,
				3.189,
				-0.5,
				3.233,
				-0.5,
				1,
				3.278,
				-0.5,
				3.322,
				1.4,
				3.367,
				1.4,
				1,
				3.411,
				1.4,
				3.456,
				-0.5,
				3.5,
				-0.5,
				1,
				3.544,
				-0.5,
				3.589,
				1.3,
				3.633,
				1.3,
				1,
				3.678,
				1.3,
				3.722,
				-0.5,
				3.767,
				-0.5,
				1,
				3.811,
				-0.5,
				3.856,
				1.3,
				3.9,
				1.3,
				0,
				3.933,
				1.3
			]
		},
		{
			"Target": "Parameter",
			"Id": "Param46",
			"Segments": [
				0,
				0,
				0,
				0.3,
				0,
				1,
				0.367,
				0.021,
				0.433,
				-0.511,
				0.5,
				-0.5,
				1,
				0.533,
				-0.558,
				0.567,
				2,
				0.6,
				2,
				1,
				0.644,
				2,
				0.689,
				-0.536,
				0.733,
				-0.5,
				1,
				0.778,
				-0.57,
				0.822,
				2,
				0.867,
				2,
				1,
				0.911,
				2,
				0.956,
				-0.512,
				1,
				-0.5,
				1,
				1.044,
				-0.546,
				1.089,
				2,
				1.133,
				2,
				1,
				1.178,
				2,
				1.222,
				-0.5,
				1.267,
				-0.5,
				1,
				1.311,
				-0.544,
				1.356,
				2,
				1.4,
				2,
				1,
				1.444,
				2,
				1.489,
				-0.497,
				1.533,
				-0.5,
				1,
				1.578,
				-0.553,
				1.622,
				2,
				1.667,
				2,
				1,
				1.711,
				2,
				1.756,
				-0.539,
				1.8,
				-0.5,
				1,
				1.844,
				-0.554,
				1.889,
				1.36,
				1.933,
				1.3,
				1,
				1.978,
				1.3,
				2.022,
				-0.5,
				2.067,
				-0.5,
				1,
				2.111,
				-0.554,
				2.156,
				1.36,
				2.2,
				1.3,
				1,
				2.244,
				1.3,
				2.289,
				-0.5,
				2.333,
				-0.5,
				1,
				2.367,
				-0.5,
				2.4,
				-0.459,
				2.433,
				0,
				1,
				2.478,
				0.612,
				2.522,
				1.3,
				2.567,
				1.3,
				1,
				2.611,
				1.426,
				2.656,
				-0.512,
				2.7,
				-0.5,
				1,
				2.744,
				-0.546,
				2.789,
				1.452,
				2.833,
				1.4,
				1,
				2.878,
				1.557,
				2.922,
				-0.5,
				2.967,
				-0.5,
				1,
				3.011,
				-0.544,
				3.056,
				1.443,
				3.1,
				1.3,
				1,
				3.144,
				1.438,
				3.189,
				-0.497,
				3.233,
				-0.5,
				1,
				3.278,
				-0.553,
				3.322,
				1.423,
				3.367,
				1.4,
				1,
				3.411,
				1.477,
				3.456,
				-0.539,
				3.5,
				-0.5,
				1,
				3.544,
				-0.554,
				3.589,
				1.36,
				3.633,
				1.3,
				1,
				3.678,
				1.3,
				3.722,
				-0.5,
				3.767,
				-0.5,
				1,
				3.811,
				-0.554,
				3.856,
				1.36,
				3.9,
				1.3,
				0,
				3.933,
				1.3
			]
		},
		{
			"Target": "Parameter",
			"Id": "Param18",
			"Segments": [
				0,
				0,
				1,
				0.111,
				0,
				0.222,
				1,
				0.333,
				1,
				0,
				3.933,
				1
			]
		}
	]
}