{
	"Version": 3,
	"Meta": {
		"Duration": 3.833,
		"Fps": 30.0,
		"Loop": true,
		"AreBeziersRestricted": true,
		"CurveCount": 21,
		"TotalSegmentCount": 120,
		"TotalPointCount": 307,
		"UserDataCount": 0,
		"TotalUserDataSize": 0
	},
	"Curves": [
		{
			"Target": "Parameter",
			"Id": "ParamAngleX",
			"Segments": [
				0,
				11,
				0,
				0.033,
				11,
				1,
				0.267,
				11,
				0.5,
				11,
				0.733,
				11,
				1,
				0.856,
				11,
				0.978,
				0,
				1.1,
				0,
				1,
				1.189,
				0,
				1.278,
				16,
				1.367,
				16,
				1,
				1.444,
				16,
				1.522,
				-22,
				1.6,
				-22,
				1,
				1.667,
				-22,
				1.733,
				19,
				1.8,
				19,
				1,
				1.922,
				19,
				2.044,
				0,
				2.167,
				0,
				0,
				3.833,
				0
			]
		},
		{
			"Target": "Parameter",
			"Id": "ParamAngleY",
			"Segments": [
				0,
				27,
				0,
				0.033,
				27,
				1,
				0.267,
				27,
				0.5,
				26.978,
				0.733,
				26,
				1,
				0.856,
				25.488,
				0.978,
				9.042,
				1.1,
				0,
				1,
				1.189,
				-6.576,
				1.278,
				-19.067,
				1.367,
				-21,
				1,
				1.444,
				-22.691,
				1.522,
				-22.496,
				1.6,
				-24,
				1,
				1.667,
				-25.289,
				1.733,
				-30,
				1.8,
				-30,
				1,
				1.922,
				-30,
				2.044,
				0,
				2.167,
				0,
				0,
				3.833,
				0
			]
		},
		{
			"Target": "Parameter",
			"Id": "ParamAngleZ",
			"Segments": [
				0,
				1,
				0,
				1.733,
				1,
				1,
				1.878,
				1,
				2.022,
				-30,
				2.167,
				-30,
				1,
				2.478,
				-30,
				2.789,
				-30,
				3.1,
				-30,
				1,
				3.256,
				-30,
				3.411,
				-1,
				3.567,
				-1,
				0,
				3.833,
				-1
			]
		},
		{
			"Target": "Parameter",
			"Id": "ParamBodyAngleY",
			"Segments": [
				0,
				0,
				0,
				1,
				0,
				1,
				1.056,
				0,
				1.111,
				-10,
				1.167,
				-10,
				1,
				1.233,
				-10,
				1.3,
				10,
				1.367,
				10,
				1,
				1.467,
				10,
				1.567,
				0,
				1.667,
				0,
				0,
				3.833,
				0
			]
		},
		{
			"Target": "Parameter",
			"Id": "ParamEyeLOpen",
			"Segments": [
				0,
				0,
				0,
				1.133,
				0,
				1,
				1.167,
				0,
				1.2,
				0,
				1.233,
				0,
				1,
				1.489,
				0,
				1.744,
				0,
				2,
				0,
				1,
				2.089,
				0,
				2.178,
				2,
				2.267,
				2,
				1,
				2.344,
				2,
				2.422,
				2,
				2.5,
				2,
				1,
				2.556,
				2,
				2.611,
				0,
				2.667,
				0,
				1,
				2.722,
				0,
				2.778,
				2,
				2.833,
				2,
				1,
				2.922,
				2,
				3.011,
				0,
				3.1,
				0,
				1,
				3.178,
				0,
				3.256,
				1,
				3.333,
				1,
				0,
				3.833,
				1
			]
		},
		{
			"Target": "Parameter",
			"Id": "ParamEyeROpen",
			"Segments": [
				0,
				0,
				0,
				1.133,
				0,
				1,
				1.167,
				0,
				1.2,
				0,
				1.233,
				0,
				1,
				1.489,
				0,
				1.744,
				0,
				2,
				0,
				1,
				2.089,
				0,
				2.178,
				2,
				2.267,
				2,
				1,
				2.344,
				2,
				2.422,
				2,
				2.5,
				2,
				1,
				2.556,
				2,
				2.611,
				0,
				2.667,
				0,
				1,
				2.722,
				0,
				2.778,
				2,
				2.833,
				2,
				1,
				2.922,
				2,
				3.011,
				0,
				3.1,
				0,
				1,
				3.178,
				0,
				3.256,
				1,
				3.333,
				1,
				0,
				3.833,
				1
			]
		},
		{
			"Target": "Parameter",
			"Id": "ParamEyeLSmile",
			"Segments": [
				0,
				1,
				0,
				1.133,
				1,
				1,
				1.422,
				1,
				1.711,
				1,
				2,
				1,
				1,
				2.056,
				1,
				2.111,
				0,
				2.167,
				0,
				0,
				3.833,
				0
			]
		},
		{
			"Target": "Parameter",
			"Id": "ParamEyeRSmile",
			"Segments": [
				0,
				1,
				0,
				1.133,
				1,
				1,
				1.422,
				1,
				1.711,
				1,
				2,
				1,
				1,
				2.056,
				1,
				2.111,
				0,
				2.167,
				0,
				0,
				3.833,
				0
			]
		},
		{
			"Target": "Parameter",
			"Id": "exp2",
			"Segments": [
				0,
				1,
				1,
				0.378,
				1,
				0.756,
				1,
				1.133,
				1,
				1,
				1.156,
				1,
				1.178,
				0,
				1.2,
				0,
				0,
				3.833,
				0
			]
		},
		{
			"Target": "Parameter",
			"Id": "Param30",
			"Segments": [
				0,
				-5,
				0,
				0.033,
				-5,
				1,
				0.311,
				-5,
				0.589,
				-5,
				0.867,
				-5,
				1,
				0.967,
				-5,
				1.067,
				0,
				1.167,
				0,
				0,
				3.833,
				0
			]
		},
		{
			"Target": "Parameter",
			"Id": "Param19",
			"Segments": [
				0,
				1,
				0,
				0.033,
				1,
				1,
				0.089,
				1,
				0.144,
				1,
				0.2,
				1,
				1,
				0.422,
				1,
				0.644,
				0,
				0.867,
				0,
				0,
				3.833,
				0
			]
		},
		{
			"Target": "Parameter",
			"Id": "Param20",
			"Segments": [
				0,
				7,
				0,
				0.033,
				7,
				1,
				0.067,
				7,
				0.1,
				7,
				0.133,
				7,
				1,
				0.422,
				6.827,
				0.711,
				7.366,
				1,
				-0.168,
				1,
				1.044,
				-0.724,
				1.089,
				-0.5,
				1.133,
				-0.5,
				1,
				1.189,
				-0.5,
				1.244,
				-0.2,
				1.3,
				-0.2,
				0,
				3.833,
				-0.2
			]
		},
		{
			"Target": "Parameter",
			"Id": "Param31",
			"Segments": [
				0,
				-1,
				0,
				0.033,
				-1,
				1,
				0.311,
				-1,
				0.589,
				0,
				0.867,
				0,
				0,
				3.833,
				0
			]
		},
		{
			"Target": "Parameter",
			"Id": "Param21",
			"Segments": [
				0,
				0,
				0,
				1,
				0,
				1,
				1.044,
				0,
				1.089,
				0.6,
				1.133,
				0.6,
				1,
				1.189,
				0.6,
				1.244,
				0,
				1.3,
				0,
				0,
				3.833,
				0
			]
		},
		{
			"Target": "Parameter",
			"Id": "Param22",
			"Segments": [
				0,
				0,
				0,
				1,
				0,
				1,
				1.044,
				0,
				1.089,
				0.6,
				1.133,
				0.6,
				1,
				1.189,
				0.6,
				1.244,
				0,
				1.3,
				0,
				0,
				3.833,
				0
			]
		},
		{
			"Target": "Parameter",
			"Id": "Param23",
			"Segments": [
				0,
				-0.5,
				0,
				0.033,
				-0.5,
				1,
				0.078,
				-0.5,
				0.122,
				-0.5,
				0.167,
				-0.5,
				1,
				0.233,
				-0.5,
				0.3,
				1.3,
				0.367,
				1.3,
				1,
				0.422,
				1.3,
				0.478,
				-0.5,
				0.533,
				-0.5,
				1,
				0.578,
				-0.5,
				0.622,
				1.056,
				0.667,
				1.3,
				1,
				0.778,
				1.91,
				0.889,
				2,
				1,
				2,
				1,
				1.056,
				2,
				1.111,
				-0.5,
				1.167,
				-0.5,
				1,
				1.233,
				-0.5,
				1.3,
				1.3,
				1.367,
				1.3,
				1,
				1.433,
				1.3,
				1.5,
				-0.5,
				1.567,
				-0.5,
				1,
				1.633,
				-0.5,
				1.7,
				0,
				1.767,
				0,
				0,
				3.833,
				0
			]
		},
		{
			"Target": "Parameter",
			"Id": "Param46",
			"Segments": [
				0,
				-0.5,
				0,
				0.033,
				-0.5,
				1,
				0.078,
				-0.5,
				0.122,
				-0.5,
				0.167,
				-0.5,
				1,
				0.233,
				-0.581,
				0.3,
				1.391,
				0.367,
				1.3,
				1,
				0.422,
				1.3,
				0.478,
				-0.5,
				0.533,
				-0.5,
				1,
				0.578,
				-0.554,
				0.622,
				1.36,
				0.667,
				1.3,
				1,
				0.778,
				1.91,
				0.889,
				2,
				1,
				2,
				1,
				1.056,
				2,
				1.111,
				-0.5,
				1.167,
				-0.5,
				1,
				1.233,
				-0.5,
				1.3,
				1.3,
				1.367,
				1.3,
				1,
				1.433,
				1.3,
				1.5,
				-0.5,
				1.567,
				-0.5,
				1,
				1.633,
				-0.581,
				1.7,
				0.091,
				1.767,
				0,
				0,
				3.833,
				0
			]
		},
		{
			"Target": "Parameter",
			"Id": "Param7",
			"Segments": [
				0,
				0,
				1,
				0.056,
				0,
				0.111,
				0,
				0.167,
				0,
				1,
				0.444,
				0,
				0.722,
				30,
				1,
				30,
				1,
				1.122,
				30,
				1.244,
				-12,
				1.367,
				-12,
				1,
				1.433,
				-12,
				1.5,
				0,
				1.567,
				0,
				0,
				3.833,
				0
			]
		},
		{
			"Target": "Parameter",
			"Id": "Param13",
			"Segments": [
				0,
				0,
				1,
				0.333,
				0,
				0.667,
				0,
				1,
				0,
				1,
				1.056,
				0,
				1.111,
				0,
				1.167,
				0,
				0,
				3.833,
				0
			]
		},
		{
			"Target": "Parameter",
			"Id": "Param14",
			"Segments": [
				0,
				0,
				1,
				0.056,
				0,
				0.111,
				0,
				0.167,
				0,
				1,
				0.444,
				0,
				0.722,
				30,
				1,
				30,
				1,
				1.122,
				30,
				1.244,
				-11,
				1.367,
				-11,
				1,
				1.433,
				-11,
				1.5,
				0,
				1.567,
				0,
				0,
				3.833,
				0
			]
		},
		{
			"Target": "Parameter",
			"Id": "Param9",
			"Segments": [
				0,
				0,
				1,
				0.333,
				0,
				0.667,
				0,
				1,
				0,
				1,
				1.056,
				0,
				1.111,
				0,
				1.167,
				0,
				0,
				3.833,
				0
			]
		}
	]
}