{
	"Version": 3,
	"Meta": {
		"Duration": 3.667,
		"Fps": 30.0,
		"Loop": true,
		"AreBeziersRestricted": true,
		"CurveCount": 18,
		"TotalSegmentCount": 94,
		"TotalPointCount": 290,
		"UserDataCount": 0,
		"TotalUserDataSize": 0
	},
	"Curves": [
		{
			"Target": "Parameter",
			"Id": "ParamAngleX",
			"Segments": [
				0,
				0,
				1,
				0.167,
				0,
				0.333,
				8,
				0.5,
				8,
				1,
				0.611,
				8,
				0.722,
				8,
				0.833,
				8,
				1,
				1.611,
				8,
				2.389,
				8,
				3.167,
				8,
				1,
				3.333,
				8,
				3.5,
				0,
				3.667,
				0
			]
		},
		{
			"Target": "Parameter",
			"Id": "ParamAngleY",
			"Segments": [
				0,
				0,
				1,
				0.167,
				0,
				0.333,
				0,
				0.5,
				0,
				1,
				0.611,
				0,
				0.722,
				0,
				0.833,
				0,
				1,
				0.889,
				0,
				0.944,
				-23,
				1,
				-23,
				1,
				1.056,
				-23,
				1.111,
				0,
				1.167,
				0,
				1,
				1.222,
				0,
				1.278,
				-26,
				1.333,
				-26,
				1,
				1.389,
				-26,
				1.444,
				0,
				1.5,
				0,
				1,
				1.611,
				0,
				1.722,
				-2,
				1.833,
				-2,
				1,
				1.956,
				-2,
				2.078,
				0,
				2.2,
				0,
				1,
				2.256,
				0,
				2.311,
				-23,
				2.367,
				-23,
				1,
				2.422,
				-23,
				2.478,
				0,
				2.533,
				0,
				1,
				2.589,
				0,
				2.644,
				-25,
				2.7,
				-25,
				1,
				2.756,
				-25,
				2.811,
				0,
				2.867,
				0,
				1,
				2.967,
				0,
				3.067,
				0,
				3.167,
				0,
				0,
				3.667,
				0
			]
		},
		{
			"Target": "Parameter",
			"Id": "ParamAngleZ",
			"Segments": [
				0,
				0,
				1,
				0.167,
				0,
				0.333,
				30,
				0.5,
				30,
				1,
				1.389,
				30,
				2.278,
				30,
				3.167,
				30,
				1,
				3.333,
				30,
				3.5,
				0,
				3.667,
				0
			]
		},
		{
			"Target": "Parameter",
			"Id": "ParamBodyAngleY",
			"Segments": [
				0,
				0,
				1,
				0.167,
				0,
				0.333,
				-6,
				0.5,
				-6,
				1,
				1.389,
				-6,
				2.278,
				-6,
				3.167,
				-6,
				1,
				3.333,
				-6,
				3.5,
				0,
				3.667,
				0
			]
		},
		{
			"Target": "Parameter",
			"Id": "ParamBreath",
			"Segments": [
				0,
				0,
				1,
				0.278,
				0,
				0.556,
				1,
				0.833,
				1,
				1,
				1.111,
				1,
				1.389,
				0,
				1.667,
				0,
				1,
				1.944,
				0,
				2.222,
				1,
				2.5,
				1,
				1,
				2.778,
				1,
				3.056,
				0,
				3.333,
				0,
				0,
				3.667,
				0
			]
		},
		{
			"Target": "Parameter",
			"Id": "ParamEyeLOpen",
			"Segments": [
				0,
				1,
				1,
				0.167,
				1,
				0.333,
				0.9,
				0.5,
				0.9,
				1,
				0.556,
				0.9,
				0.611,
				0.9,
				0.667,
				0.9,
				1,
				0.722,
				0.9,
				0.778,
				0,
				0.833,
				0,
				1,
				0.889,
				0,
				0.944,
				0.9,
				1,
				0.9,
				1,
				1.222,
				0.9,
				1.444,
				0.9,
				1.667,
				0.9,
				1,
				1.722,
				0.9,
				1.778,
				0,
				1.833,
				0,
				1,
				1.889,
				0,
				1.944,
				0.9,
				2,
				0.9,
				1,
				2.222,
				0.9,
				2.444,
				0.9,
				2.667,
				0.9,
				1,
				2.722,
				0.9,
				2.778,
				0,
				2.833,
				0,
				1,
				2.889,
				0,
				2.944,
				0.879,
				3,
				0.9,
				1,
				3.222,
				0.983,
				3.444,
				1,
				3.667,
				1
			]
		},
		{
			"Target": "Parameter",
			"Id": "ParamEyeROpen",
			"Segments": [
				0,
				1,
				1,
				0.167,
				1,
				0.333,
				0.9,
				0.5,
				0.9,
				1,
				0.556,
				0.9,
				0.611,
				0.9,
				0.667,
				0.9,
				1,
				0.722,
				0.9,
				0.778,
				0,
				0.833,
				0,
				1,
				0.889,
				0,
				0.944,
				0.9,
				1,
				0.9,
				1,
				1.222,
				0.9,
				1.444,
				0.9,
				1.667,
				0.9,
				1,
				1.722,
				0.9,
				1.778,
				0,
				1.833,
				0,
				1,
				1.889,
				0,
				1.944,
				0.9,
				2,
				0.9,
				1,
				2.222,
				0.9,
				2.444,
				0.9,
				2.667,
				0.9,
				1,
				2.722,
				0.9,
				2.778,
				0,
				2.833,
				0,
				1,
				2.889,
				0,
				2.944,
				0.879,
				3,
				0.9,
				1,
				3.222,
				0.983,
				3.444,
				1,
				3.667,
				1
			]
		},
		{
			"Target": "Parameter",
			"Id": "ParamEyeBallX",
			"Segments": [
				0,
				0,
				1,
				0.111,
				0,
				0.222,
				0,
				0.333,
				0,
				1,
				0.778,
				0,
				1.222,
				0,
				1.667,
				0,
				1,
				1.722,
				0,
				1.778,
				-0.9,
				1.833,
				-0.9,
				1,
				2.178,
				-0.9,
				2.522,
				-0.9,
				2.867,
				-0.9,
				1,
				2.967,
				-0.9,
				3.067,
				-0.9,
				3.167,
				-0.9,
				1,
				3.333,
				-0.9,
				3.5,
				0,
				3.667,
				0
			]
		},
		{
			"Target": "Parameter",
			"Id": "ParamEyeBallY",
			"Segments": [
				0,
				0,
				1,
				0.111,
				0,
				0.222,
				1,
				0.333,
				1,
				1,
				0.778,
				1,
				1.222,
				1,
				1.667,
				1,
				1,
				1.722,
				1,
				1.778,
				0.6,
				1.833,
				0.6,
				1,
				2.178,
				0.6,
				2.522,
				0.6,
				2.867,
				0.6,
				1,
				2.967,
				0.6,
				3.067,
				0.6,
				3.167,
				0.6,
				1,
				3.333,
				0.6,
				3.5,
				0,
				3.667,
				0
			]
		},
		{
			"Target": "Parameter",
			"Id": "exp5",
			"Segments": [
				0,
				0,
				1,
				0.556,
				0,
				1.111,
				0,
				1.667,
				0,
				1,
				1.778,
				0,
				1.889,
				1,
				2,
				1,
				1,
				2.389,
				1,
				2.778,
				1,
				3.167,
				1,
				1,
				3.333,
				1,
				3.5,
				0,
				3.667,
				0
			]
		},
		{
			"Target": "Parameter",
			"Id": "Param27",
			"Segments": [
				0,
				0,
				1,
				0.111,
				0,
				0.222,
				0.3,
				0.333,
				0.3,
				1,
				0.644,
				0.3,
				0.956,
				0,
				1.267,
				0,
				1,
				1.6,
				0,
				1.933,
				0.2,
				2.267,
				0.2,
				1,
				2.622,
				0.2,
				2.978,
				0,
				3.333,
				0,
				0,
				3.667,
				0
			]
		},
		{
			"Target": "Parameter",
			"Id": "Param30",
			"Segments": [
				0,
				0,
				1,
				0.111,
				0,
				0.222,
				4,
				0.333,
				4,
				1,
				1.278,
				4,
				2.222,
				4,
				3.167,
				4,
				1,
				3.333,
				4,
				3.5,
				0,
				3.667,
				0
			]
		},
		{
			"Target": "Parameter",
			"Id": "Param19",
			"Segments": [
				0,
				0,
				1,
				0.111,
				0,
				0.222,
				-0.5,
				0.333,
				-0.5,
				1,
				1.278,
				-0.5,
				2.222,
				-0.5,
				3.167,
				-0.5,
				1,
				3.333,
				-0.5,
				3.5,
				0,
				3.667,
				0
			]
		},
		{
			"Target": "Parameter",
			"Id": "Param20",
			"Segments": [
				0,
				0,
				1,
				0.111,
				0,
				0.222,
				0,
				0.333,
				0,
				1,
				1.278,
				0,
				2.222,
				0,
				3.167,
				0,
				1,
				3.333,
				0,
				3.5,
				0,
				3.667,
				0
			]
		},
		{
			"Target": "Parameter",
			"Id": "Param31",
			"Segments": [
				0,
				0,
				1,
				0.111,
				0,
				0.222,
				-1,
				0.333,
				-1,
				1,
				1.278,
				-1,
				2.222,
				-1,
				3.167,
				-1,
				1,
				3.333,
				-1,
				3.5,
				0,
				3.667,
				0
			]
		},
		{
			"Target": "Parameter",
			"Id": "Param22",
			"Segments": [
				0,
				0,
				1,
				0.111,
				0,
				0.222,
				0.09,
				0.333,
				0.09,
				1,
				1.278,
				0.09,
				2.222,
				0.09,
				3.167,
				0.09,
				1,
				3.333,
				0.09,
				3.5,
				0,
				3.667,
				0
			]
		},
		{
			"Target": "Parameter",
			"Id": "Param23",
			"Segments": [
				0,
				0,
				0,
				0.333,
				0,
				1,
				0.5,
				0,
				0.667,
				0.2,
				0.833,
				0.2,
				1,
				1.778,
				0.2,
				2.722,
				0,
				3.667,
				0
			]
		},
		{
			"Target": "Parameter",
			"Id": "Param46",
			"Segments": [
				0,
				0,
				0,
				0.333,
				0,
				1,
				0.5,
				0,
				0.667,
				0.2,
				0.833,
				0.2,
				1,
				1.611,
				0.2,
				2.389,
				0.2,
				3.167,
				0.2,
				1,
				3.333,
				0.2,
				3.5,
				0,
				3.667,
				0
			]
		}
	]
}