{
	"Version": 3,
	"Meta": {
		"Duration": 3.633,
		"Fps": 30.0,
		"Loop": true,
		"AreBeziersRestricted": true,
		"CurveCount": 7,
		"TotalSegmentCount": 35,
		"TotalPointCount": 90,
		"UserDataCount": 0,
		"TotalUserDataSize": 0
	},
	"Curves": [
		{
			"Target": "Parameter",
			"Id": "ParamBodyAngleX",
			"Segments": [
				0,
				0,
				1,
				0.222,
				0,
				0.444,
				6,
				0.667,
				6,
				1,
				1.444,
				6,
				2.222,
				6,
				3,
				6,
				0,
				3.633,
				6
			]
		},
		{
			"Target": "Parameter",
			"Id": "ParamEyeLOpen",
			"Segments": [
				0,
				1,
				0,
				0.333,
				1,
				1,
				0.389,
				1,
				0.444,
				0,
				0.5,
				0,
				1,
				0.611,
				0,
				0.722,
				0.7,
				0.833,
				0.7,
				1,
				1.556,
				0.7,
				2.278,
				0.7,
				3,
				0.7,
				0,
				3.633,
				0.7
			]
		},
		{
			"Target": "Parameter",
			"Id": "ParamEyeROpen",
			"Segments": [
				0,
				1,
				0,
				0.333,
				1,
				1,
				0.389,
				1,
				0.444,
				0,
				0.5,
				0,
				1,
				0.611,
				0,
				0.722,
				0.7,
				0.833,
				0.7,
				1,
				1.556,
				0.7,
				2.278,
				0.7,
				3,
				0.7,
				0,
				3.633,
				0.7
			]
		},
		{
			"Target": "Parameter",
			"Id": "ParamEyeBallX",
			"Segments": [
				0,
				0,
				0,
				0.5,
				0,
				1,
				0.611,
				0,
				0.722,
				0,
				0.833,
				0,
				1,
				1,
				0,
				1.167,
				0,
				1.333,
				0,
				1,
				1.444,
				0,
				1.556,
				0,
				1.667,
				0,
				1,
				1.833,
				0,
				2,
				0,
				2.167,
				0,
				1,
				2.333,
				0,
				2.5,
				0,
				2.667,
				0,
				1,
				2.778,
				0,
				2.889,
				0,
				3,
				0,
				0,
				3.633,
				0
			]
		},
		{
			"Target": "Parameter",
			"Id": "ParamEyeBallY",
			"Segments": [
				0,
				0,
				0,
				0.5,
				0,
				1,
				0.611,
				0,
				0.722,
				-1,
				0.833,
				-1,
				1,
				1,
				-1,
				1.167,
				-1,
				1.333,
				-1,
				1,
				1.444,
				-1,
				1.556,
				0,
				1.667,
				0,
				1,
				1.833,
				0,
				2,
				-1,
				2.167,
				-1,
				1,
				2.333,
				-1,
				2.5,
				-1,
				2.667,
				-1,
				1,
				2.778,
				-1,
				2.889,
				0.2,
				3,
				0.2,
				0,
				3.633,
				0.2
			]
		},
		{
			"Target": "Parameter",
			"Id": "Param54",
			"Segments": [
				0,
				0,
				1,
				0.167,
				0,
				0.333,
				1,
				0.5,
				1,
				1,
				1.333,
				1,
				2.167,
				1,
				3,
				1,
				0,
				3.633,
				1
			]
		},
		{
			"Target": "Parameter",
			"Id": "Param47",
			"Segments": [
				0,
				0,
				1,
				0.167,
				0,
				0.333,
				10,
				0.5,
				10,
				1,
				1.333,
				10,
				2.167,
				10,
				3,
				10,
				0,
				3.633,
				10
			]
		}
	]
}