{
	"Version": 3,
	"Meta": {
		"Duration": 3.333,
		"Fps": 30.0,
		"Loop": true,
		"AreBeziersRestricted": true,
		"CurveCount": 8,
		"TotalSegmentCount": 42,
		"TotalPointCount": 122,
		"UserDataCount": 0,
		"TotalUserDataSize": 0
	},
	"Curves": [
		{
			"Target": "Parameter",
			"Id": "ParamAngleX",
			"Segments": [
				0,
				0,
				0,
				0.333,
				0,
				1,
				0.444,
				0,
				0.556,
				13,
				0.667,
				13,
				1,
				1.278,
				13,
				1.889,
				13,
				2.5,
				13,
				1,
				2.611,
				13,
				2.722,
				13,
				2.833,
				13,
				1,
				3,
				13,
				3.167,
				0,
				3.333,
				0
			]
		},
		{
			"Target": "Parameter",
			"Id": "ParamAngleY",
			"Segments": [
				0,
				-1,
				0,
				0.333,
				-1,
				1,
				0.444,
				-1,
				0.556,
				30,
				0.667,
				30,
				1,
				1.278,
				30,
				1.889,
				30,
				2.5,
				30,
				1,
				2.611,
				30,
				2.722,
				30,
				2.833,
				30,
				1,
				3,
				30,
				3.167,
				1,
				3.333,
				1
			]
		},
		{
			"Target": "Parameter",
			"Id": "ParamAngleZ",
			"Segments": [
				0,
				0,
				0,
				0.333,
				0,
				1,
				0.444,
				0,
				0.556,
				-30,
				0.667,
				-30,
				1,
				1.278,
				-30,
				1.889,
				-30,
				2.5,
				-30,
				1,
				2.611,
				-30,
				2.722,
				0,
				2.833,
				0,
				0,
				3.333,
				0
			]
		},
		{
			"Target": "Parameter",
			"Id": "ParamBodyAngleX",
			"Segments": [
				0,
				0,
				0,
				0.667,
				0,
				1,
				1.278,
				0,
				1.889,
				-6,
				2.5,
				-6,
				1,
				2.778,
				-6,
				3.056,
				0,
				3.333,
				0
			]
		},
		{
			"Target": "Parameter",
			"Id": "ParamEyeLOpen",
			"Segments": [
				0,
				1,
				1,
				0.056,
				1,
				0.111,
				1,
				0.167,
				1,
				1,
				0.278,
				1,
				0.389,
				0.6,
				0.5,
				0.6,
				1,
				1.333,
				0.6,
				2.167,
				0.6,
				3,
				0.6,
				1,
				3.111,
				0.6,
				3.222,
				1,
				3.333,
				1
			]
		},
		{
			"Target": "Parameter",
			"Id": "ParamEyeROpen",
			"Segments": [
				0,
				1,
				1,
				0.056,
				1,
				0.111,
				1,
				0.167,
				1,
				1,
				0.278,
				1,
				0.389,
				0.6,
				0.5,
				0.6,
				1,
				1.333,
				0.6,
				2.167,
				0.6,
				3,
				0.6,
				1,
				3.111,
				0.6,
				3.222,
				1,
				3.333,
				1
			]
		},
		{
			"Target": "Parameter",
			"Id": "Param27",
			"Segments": [
				0,
				0,
				1,
				0.278,
				0,
				0.556,
				0,
				0.833,
				0,
				1,
				0.944,
				0,
				1.056,
				1,
				1.167,
				1,
				1,
				1.222,
				1,
				1.278,
				0.6,
				1.333,
				0.6,
				1,
				1.389,
				0.6,
				1.444,
				1,
				1.5,
				1,
				1,
				1.556,
				1,
				1.611,
				0.6,
				1.667,
				0.6,
				1,
				1.722,
				0.6,
				1.778,
				1,
				1.833,
				1,
				1,
				2,
				1,
				2.167,
				0,
				2.333,
				0,
				0,
				3.333,
				0
			]
		},
		{
			"Target": "Parameter",
			"Id": "Param26",
			"Segments": [
				0,
				0,
				1,
				0.056,
				0,
				0.111,
				0,
				0.167,
				0,
				1,
				0.389,
				0,
				0.611,
				-1.9,
				0.833,
				-1.9,
				1,
				0.944,
				-1.9,
				1.056,
				-1.7,
				1.167,
				-1.7,
				1,
				1.278,
				-1.7,
				1.389,
				-1.9,
				1.5,
				-1.9,
				1,
				1.611,
				-1.9,
				1.722,
				-1.7,
				1.833,
				-1.7,
				1,
				1.944,
				-1.7,
				2.056,
				-1.9,
				2.167,
				-1.9,
				1,
				2.278,
				-1.9,
				2.389,
				-1.85,
				2.5,
				-1.5,
				1,
				2.778,
				-0.625,
				3.056,
				0,
				3.333,
				0
			]
		}
	]
}