{
	"Version": 3,
	"Meta": {
		"Duration": 2.283,
		"Fps": 60.0,
		"Loop": true,
		"AreBeziersRestricted": true,
		"CurveCount": 34,
		"TotalSegmentCount": 175,
		"TotalPointCount": 449,
		"UserDataCount": 0,
		"TotalUserDataSize": 0
	},
	"Curves": [
		{
			"Target": "Parameter",
			"Id": "ParamAngleX",
			"Segments": [
				0,
				0,
				1,
				0.1,
				0,
				0.2,
				0,
				0.3,
				0,
				1,
				0.372,
				0,
				0.444,
				0,
				0.517,
				0,
				1,
				0.65,
				0,
				0.783,
				-0.596,
				0.917,
				-2,
				1,
				0.928,
				-2.117,
				0.939,
				-2.667,
				0.95,
				-3,
				1,
				0.961,
				-3.333,
				0.972,
				-3.489,
				0.983,
				-4,
				1,
				0.994,
				-4.511,
				1.006,
				-6,
				1.017,
				-6,
				1,
				1.028,
				-6,
				1.039,
				-6,
				1.05,
				-6,
				1,
				1.067,
				-6,
				1.083,
				-6.413,
				1.1,
				-7,
				1,
				1.111,
				-7.392,
				1.122,
				-7.552,
				1.133,
				-8,
				1,
				1.139,
				-8.224,
				1.144,
				-10,
				1.15,
				-10,
				1,
				1.156,
				-10,
				1.161,
				-10,
				1.167,
				-10,
				1,
				1.172,
				-10,
				1.178,
				-10.125,
				1.183,
				-11,
				1,
				1.189,
				-11.875,
				1.194,
				-13,
				1.2,
				-13,
				1,
				1.211,
				-13,
				1.222,
				-13,
				1.233,
				-13,
				1,
				1.239,
				-13,
				1.244,
				-13.908,
				1.25,
				-14,
				1,
				1.294,
				-14.733,
				1.339,
				-15,
				1.383,
				-15,
				1,
				1.4,
				-15,
				1.417,
				-15,
				1.433,
				-15,
				0,
				2.283,
				-15
			]
		},
		{
			"Target": "Parameter",
			"Id": "ParamAngleY",
			"Segments": [
				0,
				0,
				1,
				0.1,
				0,
				0.2,
				0,
				0.3,
				0,
				1,
				0.372,
				0,
				0.444,
				-29,
				0.517,
				-29,
				1,
				0.522,
				-29,
				0.528,
				30,
				0.533,
				30,
				1,
				0.667,
				30,
				0.8,
				30,
				0.933,
				30,
				1,
				0.956,
				30,
				0.978,
				17.552,
				1,
				0,
				1,
				1.028,
				-21.94,
				1.056,
				-30,
				1.083,
				-30,
				0,
				2.283,
				-30
			]
		},
		{
			"Target": "Parameter",
			"Id": "ParamBodyAngleY",
			"Segments": [
				0,
				0,
				0,
				0.3,
				0,
				1,
				0.361,
				0,
				0.422,
				-10,
				0.483,
				-10,
				1,
				0.494,
				-10,
				0.506,
				10,
				0.517,
				10,
				1,
				0.522,
				10,
				0.528,
				10,
				0.533,
				10,
				1,
				0.667,
				10,
				0.8,
				10,
				0.933,
				10,
				1,
				0.956,
				10,
				0.978,
				10,
				1,
				10,
				0,
				2.283,
				10
			]
		},
		{
			"Target": "Parameter",
			"Id": "Param40",
			"Segments": [
				0,
				0,
				0,
				1.2,
				0,
				1,
				1.211,
				0,
				1.222,
				1,
				1.233,
				1,
				0,
				2.283,
				1
			]
		},
		{
			"Target": "Parameter",
			"Id": "ParamEyeLOpen",
			"Segments": [
				0,
				1,
				1,
				0.089,
				1,
				0.178,
				1,
				0.267,
				1,
				1,
				0.339,
				1,
				0.411,
				0,
				0.483,
				0,
				1,
				0.611,
				0,
				0.739,
				0,
				0.867,
				0,
				1,
				0.911,
				0,
				0.956,
				2,
				1,
				2,
				0,
				2.283,
				2
			]
		},
		{
			"Target": "Parameter",
			"Id": "ParamEyeROpen",
			"Segments": [
				0,
				1,
				1,
				0.089,
				1,
				0.178,
				1,
				0.267,
				1,
				1,
				0.339,
				1,
				0.411,
				0,
				0.483,
				0,
				1,
				0.611,
				0,
				0.739,
				0,
				0.867,
				0,
				1,
				0.911,
				0,
				0.956,
				2,
				1,
				2,
				0,
				2.283,
				2
			]
		},
		{
			"Target": "Parameter",
			"Id": "ParamEyeLSmile",
			"Segments": [
				0,
				1,
				0,
				2.283,
				1
			]
		},
		{
			"Target": "Parameter",
			"Id": "ParamEyeRSmile",
			"Segments": [
				0,
				1,
				0,
				2.283,
				1
			]
		},
		{
			"Target": "Parameter",
			"Id": "ParamEyeBallX",
			"Segments": [
				0,
				0,
				0,
				0.867,
				0,
				1,
				0.911,
				0,
				0.956,
				0.1,
				1,
				0.1,
				0,
				2.283,
				0.1
			]
		},
		{
			"Target": "Parameter",
			"Id": "ParamEyeBallY",
			"Segments": [
				0,
				1,
				0,
				0.867,
				1,
				1,
				0.911,
				1,
				0.956,
				-1,
				1,
				-1,
				0,
				2.283,
				-1
			]
		},
		{
			"Target": "Parameter",
			"Id": "Param2",
			"Segments": [
				0,
				0,
				1,
				0.333,
				0,
				0.667,
				0,
				1,
				0,
				1,
				1.1,
				0,
				1.2,
				1,
				1.3,
				1,
				0,
				2.283,
				1
			]
		},
		{
			"Target": "Parameter",
			"Id": "Param16",
			"Segments": [
				0,
				0,
				1,
				0.089,
				0,
				0.178,
				1,
				0.267,
				1,
				1,
				0.611,
				1,
				0.956,
				1,
				1.3,
				1,
				1,
				1.311,
				1,
				1.322,
				0,
				1.333,
				0,
				0,
				2.283,
				0
			]
		},
		{
			"Target": "Parameter",
			"Id": "Param39",
			"Segments": [
				0,
				0,
				0,
				0.867,
				0,
				1,
				0.878,
				0,
				0.889,
				1,
				0.9,
				1,
				0,
				2.283,
				1
			]
		},
		{
			"Target": "Parameter",
			"Id": "Param36",
			"Segments": [
				0,
				0,
				0,
				1.567,
				0,
				1,
				1.6,
				0,
				1.633,
				-0.7,
				1.667,
				-0.7,
				1,
				1.7,
				-0.7,
				1.733,
				0.3,
				1.767,
				0.3,
				1,
				1.794,
				0.3,
				1.822,
				-0.5,
				1.85,
				-0.5,
				1,
				1.883,
				-0.5,
				1.917,
				0.5,
				1.95,
				0.5,
				1,
				1.994,
				0.5,
				2.039,
				-0.5,
				2.083,
				-0.5,
				1,
				2.128,
				-0.5,
				2.172,
				0,
				2.217,
				0,
				0,
				2.283,
				0
			]
		},
		{
			"Target": "Parameter",
			"Id": "Param37",
			"Segments": [
				0,
				0.5,
				0,
				1.567,
				0.5,
				1,
				1.6,
				0.5,
				1.633,
				1,
				1.667,
				1,
				1,
				1.7,
				1,
				1.733,
				0,
				1.767,
				0,
				1,
				1.794,
				0,
				1.822,
				1,
				1.85,
				1,
				1,
				1.883,
				1,
				1.917,
				0.5,
				1.95,
				0.5,
				0,
				2.283,
				0.5
			]
		},
		{
			"Target": "Parameter",
			"Id": "Param17",
			"Segments": [
				0,
				0,
				0,
				1.3,
				0,
				1,
				1.306,
				0,
				1.311,
				1,
				1.317,
				1,
				1,
				1.322,
				1,
				1.328,
				1,
				1.333,
				1,
				0,
				2.283,
				1
			]
		},
		{
			"Target": "Parameter",
			"Id": "Param45",
			"Segments": [
				0,
				1,
				0,
				1.317,
				1,
				1,
				1.322,
				1,
				1.328,
				1,
				1.333,
				1,
				0,
				2.283,
				1
			]
		},
		{
			"Target": "Parameter",
			"Id": "Param19",
			"Segments": [
				0,
				0,
				0,
				0.533,
				0,
				1,
				0.622,
				0,
				0.711,
				1.54,
				0.8,
				3,
				1,
				0.983,
				6.012,
				1.167,
				7,
				1.35,
				7,
				0,
				2.283,
				7
			]
		},
		{
			"Target": "Parameter",
			"Id": "Param20",
			"Segments": [
				0,
				0,
				1,
				0.1,
				0,
				0.2,
				0,
				0.3,
				0,
				1,
				0.356,
				0,
				0.411,
				-1.5,
				0.467,
				-1.5,
				1,
				0.489,
				-1.5,
				0.511,
				-0.713,
				0.533,
				0,
				1,
				0.622,
				2.852,
				0.711,
				4,
				0.8,
				4,
				1,
				0.983,
				4,
				1.167,
				-8,
				1.35,
				-8,
				0,
				2.283,
				-8
			]
		},
		{
			"Target": "Parameter",
			"Id": "Param41",
			"Segments": [
				0,
				-4,
				0,
				0.467,
				-4,
				1,
				0.611,
				-4,
				0.756,
				-4,
				0.9,
				-4,
				1,
				1,
				-4,
				1.1,
				-3.5,
				1.2,
				-3.5,
				1,
				1.217,
				-3.5,
				1.233,
				-4,
				1.25,
				-4,
				1,
				1.283,
				-4,
				1.317,
				-3.5,
				1.35,
				-3.5,
				0,
				2.283,
				-3.5
			]
		},
		{
			"Target": "Parameter",
			"Id": "Param42",
			"Segments": [
				0,
				-7,
				0,
				0.467,
				-7,
				1,
				0.611,
				-7,
				0.756,
				-4,
				0.9,
				-4,
				1,
				1,
				-4,
				1.1,
				-4,
				1.2,
				-4,
				1,
				1.217,
				-4,
				1.233,
				-4,
				1.25,
				-4,
				0,
				2.283,
				-4
			]
		},
		{
			"Target": "Parameter",
			"Id": "Param43",
			"Segments": [
				0,
				-6,
				0,
				1.2,
				-6,
				1,
				1.217,
				-6,
				1.233,
				-5,
				1.25,
				-5,
				1,
				1.283,
				-5,
				1.317,
				-6,
				1.35,
				-6,
				0,
				2.283,
				-6
			]
		},
		{
			"Target": "Parameter",
			"Id": "Param21",
			"Segments": [
				0,
				0,
				0,
				0.033,
				0,
				1,
				0.122,
				0,
				0.211,
				0,
				0.3,
				0,
				1,
				0.356,
				0,
				0.411,
				1,
				0.467,
				1,
				1,
				0.494,
				1,
				0.522,
				0,
				0.55,
				0,
				1,
				0.656,
				0,
				0.761,
				0.098,
				0.867,
				0.5,
				1,
				0.911,
				0.669,
				0.956,
				1,
				1,
				1,
				1,
				1.067,
				1,
				1.133,
				0.5,
				1.2,
				0.5,
				0,
				2.283,
				0.5
			]
		},
		{
			"Target": "Parameter",
			"Id": "Param22",
			"Segments": [
				0,
				0,
				0,
				0.033,
				0,
				1,
				0.122,
				0,
				0.211,
				0,
				0.3,
				0,
				1,
				0.356,
				0,
				0.411,
				1,
				0.467,
				1,
				1,
				0.494,
				1,
				0.522,
				0,
				0.55,
				0,
				1,
				0.656,
				0,
				0.761,
				0.151,
				0.867,
				0.6,
				1,
				0.911,
				0.789,
				0.956,
				1,
				1,
				1,
				1,
				1.067,
				1,
				1.133,
				1,
				1.2,
				1,
				0,
				2.283,
				1
			]
		},
		{
			"Target": "Parameter",
			"Id": "Param23",
			"Segments": [
				0,
				0,
				0,
				0.033,
				0,
				1,
				0.122,
				0,
				0.211,
				-0.2,
				0.3,
				-0.2,
				1,
				0.356,
				-0.2,
				0.411,
				2,
				0.467,
				2,
				1,
				0.489,
				2,
				0.511,
				0.435,
				0.533,
				0,
				1,
				0.556,
				-0.435,
				0.578,
				-0.4,
				0.6,
				-0.4,
				1,
				0.689,
				-0.4,
				0.778,
				-0.311,
				0.867,
				0.4,
				1,
				0.956,
				1.111,
				1.044,
				2,
				1.133,
				2,
				1,
				1.2,
				2,
				1.267,
				0,
				1.333,
				0,
				0,
				2.283,
				0
			]
		},
		{
			"Target": "Parameter",
			"Id": "Param46",
			"Segments": [
				0,
				0,
				0,
				0.033,
				0,
				1,
				0.122,
				0,
				0.211,
				-0.2,
				0.3,
				-0.2,
				1,
				0.356,
				-0.2,
				0.411,
				2,
				0.467,
				2,
				1,
				0.489,
				2,
				0.511,
				0.435,
				0.533,
				0,
				1,
				0.556,
				-0.435,
				0.578,
				-0.4,
				0.6,
				-0.4,
				1,
				0.689,
				-0.4,
				0.778,
				-0.311,
				0.867,
				0.4,
				1,
				0.956,
				1.111,
				1.044,
				2,
				1.133,
				2,
				1,
				1.2,
				2,
				1.267,
				0,
				1.333,
				0,
				0,
				2.283,
				0
			]
		},
		{
			"Target": "Parameter",
			"Id": "Param33",
			"Segments": [
				0,
				0,
				0,
				2.283,
				0
			]
		},
		{
			"Target": "Parameter",
			"Id": "Param47",
			"Segments": [
				0,
				0,
				0,
				2.283,
				0
			]
		},
		{
			"Target": "Parameter",
			"Id": "Param34",
			"Segments": [
				0,
				0,
				0,
				2.283,
				0
			]
		},
		{
			"Target": "Parameter",
			"Id": "Param35",
			"Segments": [
				0,
				0,
				0,
				2.283,
				0
			]
		},
		{
			"Target": "Parameter",
			"Id": "Param7",
			"Segments": [
				0,
				-1,
				0,
				0.333,
				-1,
				1,
				0.389,
				-1,
				0.444,
				12,
				0.5,
				12,
				1,
				0.539,
				12,
				0.578,
				-11,
				0.617,
				-11,
				1,
				0.683,
				-11,
				0.75,
				-11,
				0.817,
				-11,
				1,
				0.878,
				-11,
				0.939,
				30,
				1,
				30,
				1,
				1.028,
				30,
				1.056,
				25,
				1.083,
				25,
				0,
				2.283,
				25
			]
		},
		{
			"Target": "Parameter",
			"Id": "Param13",
			"Segments": [
				0,
				0,
				0,
				0.333,
				0,
				1,
				0.389,
				0,
				0.444,
				12,
				0.5,
				12,
				1,
				0.539,
				12,
				0.578,
				-30,
				0.617,
				-30,
				1,
				0.683,
				-30,
				0.75,
				-30,
				0.817,
				-30,
				1,
				0.878,
				-30,
				0.939,
				16,
				1,
				16,
				1,
				1.028,
				16,
				1.056,
				0,
				1.083,
				0,
				0,
				2.283,
				0
			]
		},
		{
			"Target": "Parameter",
			"Id": "Param14",
			"Segments": [
				0,
				0,
				0,
				0.333,
				0,
				1,
				0.389,
				0,
				0.444,
				12,
				0.5,
				12,
				1,
				0.539,
				12,
				0.578,
				-11,
				0.617,
				-11,
				1,
				0.683,
				-11,
				0.75,
				-11.244,
				0.817,
				-9,
				1,
				0.878,
				-6.943,
				0.939,
				30,
				1,
				30,
				1,
				1.028,
				30,
				1.056,
				17,
				1.083,
				17,
				0,
				2.283,
				17
			]
		},
		{
			"Target": "Parameter",
			"Id": "Param9",
			"Segments": [
				0,
				-1,
				0,
				0.333,
				-1,
				1,
				0.389,
				-1,
				0.444,
				11,
				0.5,
				11,
				1,
				0.539,
				11,
				0.578,
				-30,
				0.617,
				-30,
				1,
				0.683,
				-30,
				0.75,
				-30,
				0.817,
				-30,
				1,
				0.878,
				-30,
				0.939,
				10,
				1,
				10,
				1,
				1.028,
				10,
				1.056,
				-12,
				1.083,
				-12,
				0,
				2.283,
				-12
			]
		}
	]
}