{
	"Version": 3,
	"Meta": {
		"Duration": 3,
		"Fps": 30.0,
		"Loop": true,
		"AreBeziersRestricted": true,
		"CurveCount": 31,
		"TotalSegmentCount": 215,
		"TotalPointCount": 574,
		"UserDataCount": 0,
		"TotalUserDataSize": 0
	},
	"Curves": [
		{
			"Target": "Parameter",
			"Id": "ParamAngleX",
			"Segments": [
				0,
				0,
				1,
				0.222,
				0,
				0.444,
				0,
				0.667,
				0,
				1,
				0.722,
				0,
				0.778,
				0,
				0.833,
				0,
				1,
				0.9,
				0,
				0.967,
				0,
				1.033,
				0,
				1,
				1.133,
				0,
				1.233,
				1,
				1.333,
				1,
				1,
				1.4,
				1,
				1.467,
				0,
				1.533,
				0,
				0,
				3,
				0
			]
		},
		{
			"Target": "Parameter",
			"Id": "ParamAngleY",
			"Segments": [
				0,
				0,
				1,
				0.222,
				0,
				0.444,
				-19,
				0.667,
				-19,
				1,
				0.678,
				-19,
				0.689,
				1,
				0.7,
				1,
				1,
				0.744,
				1,
				0.789,
				-30,
				0.833,
				-30,
				1,
				0.9,
				-30,
				0.967,
				-30,
				1.033,
				-30,
				1,
				1.133,
				-30,
				1.233,
				-30,
				1.333,
				-30,
				1,
				1.389,
				-30,
				1.444,
				30,
				1.5,
				30,
				1,
				1.511,
				30,
				1.522,
				0,
				1.533,
				0,
				1,
				1.578,
				0,
				1.622,
				30,
				1.667,
				30,
				1,
				1.722,
				30,
				1.778,
				-30,
				1.833,
				-30,
				1,
				1.856,
				-30,
				1.878,
				-30,
				1.9,
				-30,
				1,
				1.944,
				-30,
				1.989,
				30,
				2.033,
				30,
				1,
				2.056,
				30,
				2.078,
				30,
				2.1,
				30,
				1,
				2.178,
				30,
				2.256,
				-30,
				2.333,
				-30,
				1,
				2.378,
				-30,
				2.422,
				-30,
				2.467,
				-30,
				1,
				2.589,
				-30,
				2.711,
				1,
				2.833,
				1,
				0,
				3,
				1
			]
		},
		{
			"Target": "Parameter",
			"Id": "ParamBodyAngleY",
			"Segments": [
				0,
				-10,
				0,
				1.333,
				-10,
				1,
				1.389,
				-10,
				1.444,
				10,
				1.5,
				10,
				1,
				1.611,
				10,
				1.722,
				7.545,
				1.833,
				0,
				1,
				1.856,
				-1.509,
				1.878,
				-10,
				1.9,
				-10,
				1,
				1.944,
				-10,
				1.989,
				10,
				2.033,
				10,
				1,
				2.056,
				10,
				2.078,
				10,
				2.1,
				10,
				1,
				2.178,
				10,
				2.256,
				10,
				2.333,
				10,
				1,
				2.378,
				10,
				2.422,
				-10,
				2.467,
				-10,
				1,
				2.556,
				-10,
				2.644,
				0,
				2.733,
				0,
				0,
				3,
				0
			]
		},
		{
			"Target": "Parameter",
			"Id": "Param40",
			"Segments": [
				0,
				1,
				1,
				0.344,
				1,
				0.689,
				1,
				1.033,
				1,
				1,
				1.067,
				1,
				1.1,
				0,
				1.133,
				0,
				0,
				3,
				0
			]
		},
		{
			"Target": "Parameter",
			"Id": "ParamEyeLOpen",
			"Segments": [
				0,
				0,
				0,
				0.7,
				0,
				1,
				0.911,
				0,
				1.122,
				0,
				1.333,
				0,
				1,
				1.389,
				0,
				1.444,
				0,
				1.5,
				0,
				1,
				1.633,
				0,
				1.767,
				0,
				1.9,
				0,
				1,
				2.089,
				0,
				2.278,
				2,
				2.467,
				2,
				0,
				3,
				2
			]
		},
		{
			"Target": "Parameter",
			"Id": "ParamEyeROpen",
			"Segments": [
				0,
				0,
				0,
				0.7,
				0,
				1,
				0.911,
				0,
				1.122,
				0,
				1.333,
				0,
				1,
				1.389,
				0,
				1.444,
				0.1,
				1.5,
				0.1,
				1,
				1.633,
				0.1,
				1.767,
				0,
				1.9,
				0,
				1,
				2.089,
				0,
				2.278,
				2,
				2.467,
				2,
				0,
				3,
				2
			]
		},
		{
			"Target": "Parameter",
			"Id": "ParamEyeLSmile",
			"Segments": [
				0,
				1,
				0,
				0.7,
				1,
				1,
				0.911,
				1,
				1.122,
				1,
				1.333,
				1,
				1,
				1.389,
				1,
				1.444,
				1,
				1.5,
				1,
				1,
				1.633,
				1,
				1.767,
				0,
				1.9,
				0,
				0,
				3,
				0
			]
		},
		{
			"Target": "Parameter",
			"Id": "ParamEyeRSmile",
			"Segments": [
				0,
				1,
				0,
				0.7,
				1,
				1,
				0.911,
				1,
				1.122,
				1,
				1.333,
				1,
				1,
				1.389,
				1,
				1.444,
				1,
				1.5,
				1,
				1,
				1.633,
				1,
				1.767,
				0,
				1.9,
				0,
				0,
				3,
				0
			]
		},
		{
			"Target": "Parameter",
			"Id": "Param2",
			"Segments": [
				0,
				0.8,
				0,
				0.9,
				0.8,
				1,
				0.956,
				0.8,
				1.011,
				0,
				1.067,
				0,
				0,
				3,
				0
			]
		},
		{
			"Target": "Parameter",
			"Id": "Param16",
			"Segments": [
				0,
				0,
				0,
				0.867,
				0,
				1,
				0.878,
				0,
				0.889,
				1,
				0.9,
				1,
				1,
				1.3,
				1,
				1.7,
				1,
				2.1,
				1,
				1,
				2.189,
				1,
				2.278,
				0,
				2.367,
				0,
				0,
				3,
				0
			]
		},
		{
			"Target": "Parameter",
			"Id": "Param39",
			"Segments": [
				0,
				1,
				0,
				0.867,
				1,
				1,
				1.078,
				1,
				1.289,
				1,
				1.5,
				1,
				1,
				1.511,
				1,
				1.522,
				0,
				1.533,
				0,
				0,
				3,
				0
			]
		},
		{
			"Target": "Parameter",
			"Id": "Param36",
			"Segments": [
				0,
				0,
				1,
				0.056,
				0,
				0.111,
				-0.2,
				0.167,
				-0.2,
				1,
				0.222,
				-0.2,
				0.278,
				0.5,
				0.333,
				0.5,
				1,
				0.389,
				0.5,
				0.444,
				-0.6,
				0.5,
				-0.6,
				1,
				0.556,
				-0.6,
				0.611,
				0.5,
				0.667,
				0.5,
				1,
				0.733,
				0.5,
				0.8,
				0,
				0.867,
				0,
				0,
				3,
				0
			]
		},
		{
			"Target": "Parameter",
			"Id": "Param37",
			"Segments": [
				0,
				0.5,
				1,
				0.056,
				0.5,
				0.111,
				0.9,
				0.167,
				0.9,
				1,
				0.233,
				0.9,
				0.3,
				0.2,
				0.367,
				0.2,
				1,
				0.533,
				0.2,
				0.7,
				0.241,
				0.867,
				0.5,
				1,
				0.944,
				0.621,
				1.022,
				1,
				1.1,
				1,
				1,
				1.167,
				1,
				1.233,
				0,
				1.3,
				0,
				1,
				1.378,
				0,
				1.456,
				0.5,
				1.533,
				0.5,
				0,
				3,
				0.5
			]
		},
		{
			"Target": "Parameter",
			"Id": "Param17",
			"Segments": [
				0,
				1,
				1,
				0.289,
				1,
				0.578,
				1,
				0.867,
				1,
				1,
				0.878,
				1,
				0.889,
				0,
				0.9,
				0,
				0,
				3,
				0
			]
		},
		{
			"Target": "Parameter",
			"Id": "Param45",
			"Segments": [
				0,
				1,
				1,
				0.289,
				1,
				0.578,
				1,
				0.867,
				1,
				1,
				0.878,
				1,
				0.889,
				0,
				0.9,
				0,
				0,
				3,
				0
			]
		},
		{
			"Target": "Parameter",
			"Id": "Param29",
			"Segments": [
				0,
				0,
				0,
				3,
				0
			]
		},
		{
			"Target": "Parameter",
			"Id": "Param19",
			"Segments": [
				0,
				7,
				0,
				1,
				7,
				1,
				1.189,
				7,
				1.378,
				6.286,
				1.567,
				3,
				1,
				1.678,
				1.067,
				1.789,
				-2,
				1.9,
				-2,
				1,
				2.089,
				-2,
				2.278,
				-2,
				2.467,
				-2,
				0,
				3,
				-2
			]
		},
		{
			"Target": "Parameter",
			"Id": "Param20",
			"Segments": [
				0,
				-8,
				0,
				0.1,
				-8,
				1,
				0.344,
				-8,
				0.589,
				-7.777,
				0.833,
				-7,
				1,
				0.889,
				-6.823,
				0.944,
				-6,
				1,
				-6,
				1,
				1.078,
				-6,
				1.156,
				-7,
				1.233,
				-7,
				1,
				1.267,
				-7,
				1.3,
				-7.336,
				1.333,
				-6,
				1,
				1.411,
				-2.883,
				1.489,
				4,
				1.567,
				4,
				1,
				1.678,
				4,
				1.789,
				-1,
				1.9,
				-1,
				1,
				1.967,
				-1,
				2.033,
				2,
				2.1,
				2,
				1,
				2.167,
				2,
				2.233,
				1.019,
				2.3,
				0,
				1,
				2.356,
				-0.849,
				2.411,
				-1,
				2.467,
				-1,
				1,
				2.5,
				-1,
				2.533,
				0,
				2.567,
				0,
				0,
				3,
				0
			]
		},
		{
			"Target": "Parameter",
			"Id": "Param41",
			"Segments": [
				0,
				-5,
				1,
				0.389,
				-5,
				0.778,
				-5,
				1.167,
				-5,
				1,
				1.189,
				-5,
				1.211,
				-5,
				1.233,
				-5,
				1,
				1.411,
				-5,
				1.589,
				-5,
				1.767,
				-5,
				1,
				1.811,
				-5,
				1.856,
				-5,
				1.9,
				-5,
				1,
				2.122,
				-5,
				2.344,
				0,
				2.567,
				0,
				0,
				3,
				0
			]
		},
		{
			"Target": "Parameter",
			"Id": "Param42",
			"Segments": [
				0,
				-5,
				1,
				0.389,
				-5,
				0.778,
				-4,
				1.167,
				-4,
				1,
				1.189,
				-4,
				1.211,
				-4,
				1.233,
				-4,
				1,
				1.411,
				-4,
				1.589,
				-4.187,
				1.767,
				-5,
				1,
				1.811,
				-5.203,
				1.856,
				-9,
				1.9,
				-9,
				1,
				2.122,
				-9,
				2.344,
				0,
				2.567,
				0,
				0,
				3,
				0
			]
		},
		{
			"Target": "Parameter",
			"Id": "Param43",
			"Segments": [
				0,
				-3,
				1,
				0.3,
				-3,
				0.6,
				-3,
				0.9,
				-3,
				1,
				0.989,
				-3,
				1.078,
				-3,
				1.167,
				-3,
				1,
				1.189,
				-3,
				1.211,
				-3,
				1.233,
				-3,
				1,
				1.422,
				-3,
				1.611,
				-4,
				1.8,
				-4,
				1,
				2.056,
				-4,
				2.311,
				0,
				2.567,
				0,
				0,
				3,
				0
			]
		},
		{
			"Target": "Parameter",
			"Id": "Param21",
			"Segments": [
				0,
				1,
				0,
				1.233,
				1,
				1,
				1.311,
				1,
				1.389,
				0,
				1.467,
				0,
				1,
				1.578,
				0,
				1.689,
				0,
				1.8,
				0,
				1,
				1.833,
				0,
				1.867,
				1,
				1.9,
				1,
				1,
				1.967,
				1,
				2.033,
				0,
				2.1,
				0,
				1,
				2.167,
				0,
				2.233,
				0,
				2.3,
				0,
				1,
				2.356,
				0,
				2.411,
				0.5,
				2.467,
				0.5,
				1,
				2.5,
				0.5,
				2.533,
				0,
				2.567,
				0,
				0,
				3,
				0
			]
		},
		{
			"Target": "Parameter",
			"Id": "Param22",
			"Segments": [
				0,
				1,
				0,
				1.233,
				1,
				1,
				1.311,
				1,
				1.389,
				0,
				1.467,
				0,
				1,
				1.578,
				0,
				1.689,
				0,
				1.8,
				0,
				1,
				1.833,
				0,
				1.867,
				1,
				1.9,
				1,
				1,
				1.967,
				1,
				2.033,
				0,
				2.1,
				0,
				1,
				2.167,
				0,
				2.233,
				0,
				2.3,
				0,
				1,
				2.356,
				0,
				2.411,
				0.5,
				2.467,
				0.5,
				1,
				2.5,
				0.5,
				2.533,
				0,
				2.567,
				0,
				0,
				3,
				0
			]
		},
		{
			"Target": "Parameter",
			"Id": "Param23",
			"Segments": [
				0,
				0,
				0,
				1.367,
				0,
				1,
				1.433,
				0,
				1.5,
				2,
				1.567,
				2,
				1,
				1.644,
				2,
				1.722,
				0.4,
				1.8,
				0.4,
				1,
				1.833,
				0.4,
				1.867,
				1.1,
				1.9,
				1.1,
				1,
				1.967,
				1.1,
				2.033,
				-0.5,
				2.1,
				-0.5,
				1,
				2.167,
				-0.5,
				2.233,
				-0.5,
				2.3,
				-0.5,
				1,
				2.356,
				-0.5,
				2.411,
				0.6,
				2.467,
				0.6,
				1,
				2.589,
				0.6,
				2.711,
				0,
				2.833,
				0,
				0,
				3,
				0
			]
		},
		{
			"Target": "Parameter",
			"Id": "Param46",
			"Segments": [
				0,
				0,
				0,
				1.367,
				0,
				1,
				1.433,
				0,
				1.5,
				2,
				1.567,
				2,
				1,
				1.644,
				2,
				1.722,
				0.4,
				1.8,
				0.4,
				1,
				1.833,
				0.4,
				1.867,
				1.1,
				1.9,
				1.1,
				1,
				1.967,
				1.1,
				2.033,
				-0.5,
				2.1,
				-0.5,
				1,
				2.167,
				-0.5,
				2.233,
				-0.5,
				2.3,
				-0.5,
				1,
				2.356,
				-0.5,
				2.411,
				0.6,
				2.467,
				0.6,
				1,
				2.589,
				0.6,
				2.711,
				0,
				2.833,
				0,
				0,
				3,
				0
			]
		},
		{
			"Target": "Parameter",
			"Id": "Param7",
			"Segments": [
				0,
				-15,
				0,
				1.267,
				-15,
				1,
				1.367,
				-15,
				1.467,
				-14.483,
				1.567,
				-12,
				1,
				1.6,
				-11.172,
				1.633,
				11.523,
				1.667,
				16,
				1,
				1.744,
				26.447,
				1.822,
				29,
				1.9,
				29,
				1,
				1.933,
				29,
				1.967,
				-20,
				2,
				-20,
				1,
				2.033,
				-20,
				2.067,
				-20,
				2.1,
				-20,
				1,
				2.178,
				-20,
				2.256,
				-17.019,
				2.333,
				0,
				1,
				2.378,
				9.725,
				2.422,
				30,
				2.467,
				30,
				1,
				2.533,
				30,
				2.6,
				15.157,
				2.667,
				9,
				1,
				2.756,
				0.79,
				2.844,
				0,
				2.933,
				0,
				0,
				3,
				0
			]
		},
		{
			"Target": "Parameter",
			"Id": "Param13",
			"Segments": [
				0,
				0,
				0,
				1.267,
				0,
				1,
				1.367,
				0,
				1.467,
				-12,
				1.567,
				-12,
				1,
				1.622,
				-12,
				1.678,
				30,
				1.733,
				30,
				1,
				1.789,
				30,
				1.844,
				30,
				1.9,
				30,
				1,
				1.967,
				30,
				2.033,
				-21,
				2.1,
				-21,
				1,
				2.178,
				-21,
				2.256,
				-17.32,
				2.333,
				1,
				1,
				2.378,
				11.469,
				2.422,
				30,
				2.467,
				30,
				1,
				2.533,
				30,
				2.6,
				15.157,
				2.667,
				9,
				1,
				2.756,
				0.79,
				2.844,
				0,
				2.933,
				0,
				0,
				3,
				0
			]
		},
		{
			"Target": "Parameter",
			"Id": "Param8",
			"Segments": [
				0,
				-30,
				0,
				1.567,
				-30,
				1,
				1.6,
				-30,
				1.633,
				15,
				1.667,
				15,
				1,
				1.689,
				15,
				1.711,
				1.655,
				1.733,
				1,
				1,
				1.767,
				0.017,
				1.8,
				0,
				1.833,
				0,
				1,
				1.856,
				0,
				1.878,
				27,
				1.9,
				27,
				1,
				1.967,
				27,
				2.033,
				0,
				2.1,
				0,
				0,
				3,
				0
			]
		},
		{
			"Target": "Parameter",
			"Id": "Param14",
			"Segments": [
				0,
				-14,
				0,
				1.267,
				-14,
				1,
				1.367,
				-14,
				1.467,
				-13.483,
				1.567,
				-11,
				1,
				1.6,
				-10.172,
				1.633,
				12.83,
				1.667,
				17,
				1,
				1.744,
				26.731,
				1.822,
				29,
				1.9,
				29,
				1,
				1.933,
				29,
				1.967,
				-21,
				2,
				-21,
				1,
				2.033,
				-21,
				2.067,
				-21.336,
				2.1,
				-20,
				1,
				2.178,
				-16.883,
				2.256,
				-9.121,
				2.333,
				0,
				1,
				2.378,
				5.212,
				2.422,
				30,
				2.467,
				30,
				1,
				2.533,
				30,
				2.6,
				15.157,
				2.667,
				9,
				1,
				2.756,
				0.79,
				2.844,
				0,
				2.933,
				0,
				0,
				3,
				0
			]
		},
		{
			"Target": "Parameter",
			"Id": "Param9",
			"Segments": [
				0,
				0,
				0,
				1.267,
				0,
				1,
				1.367,
				0,
				1.467,
				-11,
				1.567,
				-11,
				1,
				1.622,
				-11,
				1.678,
				30,
				1.733,
				30,
				1,
				1.789,
				30,
				1.844,
				30,
				1.9,
				27,
				1,
				1.967,
				22.684,
				2.033,
				-24,
				2.1,
				-24,
				1,
				2.178,
				-24,
				2.256,
				-20.237,
				2.333,
				-1,
				1,
				2.378,
				9.993,
				2.422,
				30,
				2.467,
				30,
				1,
				2.533,
				30,
				2.6,
				15.157,
				2.667,
				9,
				1,
				2.756,
				0.79,
				2.844,
				0,
				2.933,
				0,
				0,
				3,
				0
			]
		},
		{
			"Target": "Parameter",
			"Id": "Param15",
			"Segments": [
				0,
				-30,
				0,
				1.567,
				-30,
				1,
				1.6,
				-30,
				1.633,
				15,
				1.667,
				15,
				1,
				1.722,
				15,
				1.778,
				-1,
				1.833,
				-1,
				1,
				1.856,
				-1,
				1.878,
				1,
				1.9,
				1,
				1,
				2.244,
				1,
				2.589,
				0,
				2.933,
				0,
				0,
				3,
				0
			]
		}
	]
}