{
	"Version": 3,
	"Meta": {
		"Duration": 3,
		"Fps": 30.0,
		"Loop": true,
		"AreBeziersRestricted": true,
		"CurveCount": 23,
		"TotalSegmentCount": 83,
		"TotalPointCount": 226,
		"UserDataCount": 0,
		"TotalUserDataSize": 0
	},
	"Curves": [
		{
			"Target": "Parameter",
			"Id": "ParamAngleX",
			"Segments": [
				0,
				0,
				0,
				0.733,
				0,
				1,
				0.833,
				0,
				0.933,
				-7,
				1.033,
				-7,
				1,
				1.078,
				-7,
				1.122,
				-7,
				1.167,
				-7,
				1,
				1.433,
				-7,
				1.7,
				12,
				1.967,
				12,
				1,
				2.089,
				12,
				2.211,
				12,
				2.333,
				12,
				1,
				2.433,
				12,
				2.533,
				0,
				2.633,
				0,
				0,
				3,
				0
			]
		},
		{
			"Target": "Parameter",
			"Id": "ParamAngleY",
			"Segments": [
				0,
				0,
				0,
				0.733,
				0,
				1,
				0.833,
				0,
				0.933,
				-8,
				1.033,
				-8,
				1,
				1.078,
				-8,
				1.122,
				-8,
				1.167,
				-8,
				1,
				1.433,
				-8,
				1.7,
				-4,
				1.967,
				-4,
				1,
				2.089,
				-4,
				2.211,
				-4,
				2.333,
				-4,
				1,
				2.433,
				-4,
				2.533,
				0,
				2.633,
				0,
				0,
				3,
				0
			]
		},
		{
			"Target": "Parameter",
			"Id": "Param40",
			"Segments": [
				0,
				1,
				0,
				3,
				1
			]
		},
		{
			"Target": "Parameter",
			"Id": "ParamEyeLOpen",
			"Segments": [
				0,
				1,
				0,
				1.033,
				1,
				1,
				1.356,
				1,
				1.678,
				0,
				2,
				0,
				1,
				2.056,
				0,
				2.111,
				2,
				2.167,
				2,
				1,
				2.333,
				2,
				2.5,
				1,
				2.667,
				1,
				0,
				3,
				1
			]
		},
		{
			"Target": "Parameter",
			"Id": "ParamEyeROpen",
			"Segments": [
				0,
				1,
				0,
				1.033,
				1,
				1,
				1.356,
				1,
				1.678,
				0,
				2,
				0,
				1,
				2.056,
				0,
				2.111,
				2,
				2.167,
				2,
				1,
				2.333,
				2,
				2.5,
				1,
				2.667,
				1,
				0,
				3,
				1
			]
		},
		{
			"Target": "Parameter",
			"Id": "ParamMouthForm",
			"Segments": [
				0,
				0,
				1,
				0.067,
				0,
				0.133,
				0,
				0.2,
				0,
				1,
				0.256,
				0,
				0.311,
				1,
				0.367,
				1,
				1,
				0.422,
				1,
				0.478,
				0,
				0.533,
				0,
				1,
				0.622,
				0,
				0.711,
				1,
				0.8,
				1,
				1,
				0.878,
				1,
				0.956,
				-0.1,
				1.033,
				-0.1,
				1,
				1.111,
				-0.1,
				1.189,
				-0.109,
				1.267,
				0,
				1,
				1.322,
				0.078,
				1.378,
				1,
				1.433,
				1,
				1,
				1.489,
				1,
				1.544,
				0,
				1.6,
				0,
				1,
				1.689,
				0,
				1.778,
				1,
				1.867,
				1,
				1,
				1.944,
				1,
				2.022,
				-0.1,
				2.1,
				-0.1,
				1,
				2.156,
				-0.1,
				2.211,
				-0.121,
				2.267,
				0,
				1,
				2.322,
				0.121,
				2.378,
				1,
				2.433,
				1,
				1,
				2.489,
				1,
				2.544,
				0,
				2.6,
				0,
				1,
				2.667,
				0,
				2.733,
				1,
				2.8,
				1,
				1,
				2.867,
				1,
				2.933,
				-0.1,
				3,
				-0.1
			]
		},
		{
			"Target": "Parameter",
			"Id": "ParamMouthOpenY",
			"Segments": [
				0,
				0.1,
				1,
				0.067,
				0.1,
				0.133,
				0,
				0.2,
				0,
				1,
				0.256,
				0,
				0.311,
				1,
				0.367,
				1,
				1,
				0.422,
				1,
				0.478,
				0,
				0.533,
				0,
				1,
				0.622,
				0,
				0.711,
				1,
				0.8,
				1,
				1,
				0.878,
				1,
				0.956,
				0,
				1.033,
				0,
				1,
				1.111,
				0,
				1.189,
				0,
				1.267,
				0,
				1,
				1.322,
				0,
				1.378,
				1,
				1.433,
				1,
				1,
				1.489,
				1,
				1.544,
				0,
				1.6,
				0,
				1,
				1.689,
				0,
				1.778,
				1,
				1.867,
				1,
				1,
				1.944,
				1,
				2.022,
				0,
				2.1,
				0,
				1,
				2.156,
				0,
				2.211,
				0,
				2.267,
				0,
				1,
				2.322,
				0,
				2.378,
				1,
				2.433,
				1,
				1,
				2.489,
				1,
				2.544,
				0,
				2.6,
				0,
				1,
				2.667,
				0,
				2.733,
				1,
				2.8,
				1,
				1,
				2.867,
				1,
				2.933,
				0,
				3,
				0
			]
		},
		{
			"Target": "Parameter",
			"Id": "ParamEyeBallX",
			"Segments": [
				0,
				0,
				1,
				0.111,
				0,
				0.222,
				0,
				0.333,
				0,
				1,
				0.444,
				0,
				0.556,
				1,
				0.667,
				1,
				1,
				0.767,
				1,
				0.867,
				1,
				0.967,
				1,
				1,
				1.089,
				1,
				1.211,
				-0.8,
				1.333,
				-0.8,
				1,
				1.344,
				-0.8,
				1.356,
				-0.8,
				1.367,
				-0.8,
				1,
				1.644,
				-0.8,
				1.922,
				1,
				2.2,
				1,
				1,
				2.467,
				1,
				2.733,
				0,
				3,
				0
			]
		},
		{
			"Target": "Parameter",
			"Id": "ParamEyeBallY",
			"Segments": [
				0,
				0,
				1,
				0.111,
				0,
				0.222,
				0,
				0.333,
				0,
				1,
				0.444,
				0,
				0.556,
				1,
				0.667,
				1,
				1,
				0.767,
				1,
				0.867,
				1,
				0.967,
				1,
				1,
				1.089,
				1,
				1.211,
				-0.6,
				1.333,
				-0.6,
				1,
				1.344,
				-0.6,
				1.356,
				-0.6,
				1.367,
				-0.6,
				1,
				1.644,
				-0.6,
				1.922,
				-0.579,
				2.2,
				-0.4,
				1,
				2.467,
				-0.228,
				2.733,
				0,
				3,
				0
			]
		},
		{
			"Target": "Parameter",
			"Id": "Param44",
			"Segments": [
				0,
				1,
				0,
				3,
				1
			]
		},
		{
			"Target": "Parameter",
			"Id": "Param29",
			"Segments": [
				0,
				0,
				0,
				3,
				0
			]
		},
		{
			"Target": "Parameter",
			"Id": "Param28",
			"Segments": [
				0,
				0,
				0,
				3,
				0
			]
		},
		{
			"Target": "Parameter",
			"Id": "Param25",
			"Segments": [
				0,
				0,
				0,
				3,
				0
			]
		},
		{
			"Target": "Parameter",
			"Id": "Param26",
			"Segments": [
				0,
				-1.9,
				0,
				3,
				-1.9
			]
		},
		{
			"Target": "Parameter",
			"Id": "Param50",
			"Segments": [
				0,
				0,
				0,
				3,
				0
			]
		},
		{
			"Target": "Parameter",
			"Id": "Param30",
			"Segments": [
				0,
				-4.7,
				0,
				3,
				-4.7
			]
		},
		{
			"Target": "Parameter",
			"Id": "Param31",
			"Segments": [
				0,
				10,
				0,
				3,
				10
			]
		},
		{
			"Target": "Parameter",
			"Id": "Param41",
			"Segments": [
				0,
				-5.8,
				0,
				3,
				-5.8
			]
		},
		{
			"Target": "Parameter",
			"Id": "Param43",
			"Segments": [
				0,
				-4,
				0,
				3,
				-4
			]
		},
		{
			"Target": "Parameter",
			"Id": "Param33",
			"Segments": [
				0,
				0,
				0,
				3,
				0
			]
		},
		{
			"Target": "Parameter",
			"Id": "Param47",
			"Segments": [
				0,
				0,
				0,
				3,
				0
			]
		},
		{
			"Target": "Parameter",
			"Id": "Param34",
			"Segments": [
				0,
				0,
				0,
				3,
				0
			]
		},
		{
			"Target": "Parameter",
			"Id": "Param35",
			"Segments": [
				0,
				0,
				0,
				3,
				0
			]
		}
	]
}