{
	"Version": 3,
	"Meta": {
		"Duration": 3.333,
		"Fps": 30.0,
		"Loop": true,
		"AreBeziersRestricted": true,
		"CurveCount": 22,
		"TotalSegmentCount": 48,
		"TotalPointCount": 134,
		"UserDataCount": 0,
		"TotalUserDataSize": 0
	},
	"Curves": [
		{
			"Target": "Parameter",
			"Id": "ParamAngleX",
			"Segments": [
				0,
				0,
				0,
				3.333,
				0
			]
		},
		{
			"Target": "Parameter",
			"Id": "ParamAngleY",
			"Segments": [
				0,
				0,
				1,
				0.2,
				0,
				0.4,
				-10,
				0.6,
				-10,
				1,
				0.678,
				-10,
				0.756,
				18,
				0.833,
				18,
				1,
				0.911,
				18,
				0.989,
				-28,
				1.067,
				-28,
				1,
				1.111,
				-28,
				1.156,
				6,
				1.2,
				6,
				1,
				1.244,
				6,
				1.289,
				-29,
				1.333,
				-29,
				1,
				1.4,
				-29,
				1.467,
				-7,
				1.533,
				-7,
				1,
				1.656,
				-7,
				1.778,
				-10,
				1.9,
				-10,
				1,
				1.978,
				-10,
				2.056,
				18,
				2.133,
				18,
				1,
				2.211,
				18,
				2.289,
				-28,
				2.367,
				-28,
				1,
				2.411,
				-28,
				2.456,
				6,
				2.5,
				6,
				1,
				2.544,
				6,
				2.589,
				-29,
				2.633,
				-29,
				1,
				2.7,
				-29,
				2.767,
				-7,
				2.833,
				-7,
				0,
				3.333,
				-7
			]
		},
		{
			"Target": "Parameter",
			"Id": "ParamEyeLOpen",
			"Segments": [
				0,
				1,
				1,
				0.089,
				1,
				0.178,
				0,
				0.267,
				0,
				1,
				0.311,
				0,
				0.356,
				0.7,
				0.4,
				0.7,
				1,
				1.156,
				0.7,
				1.911,
				0.7,
				2.667,
				0.7,
				1,
				2.889,
				0.7,
				3.111,
				1,
				3.333,
				1
			]
		},
		{
			"Target": "Parameter",
			"Id": "ParamEyeROpen",
			"Segments": [
				0,
				1,
				1,
				0.089,
				1,
				0.178,
				0,
				0.267,
				0,
				1,
				0.311,
				0,
				0.356,
				0.7,
				0.4,
				0.7,
				1,
				1.156,
				0.7,
				1.911,
				0.7,
				2.667,
				0.7,
				1,
				2.889,
				0.7,
				3.111,
				1,
				3.333,
				1
			]
		},
		{
			"Target": "Parameter",
			"Id": "ParamEyeBallX",
			"Segments": [
				0,
				0,
				1,
				0.111,
				0,
				0.222,
				0,
				0.333,
				0,
				1,
				0.933,
				0,
				1.533,
				0.7,
				2.133,
				0.7,
				1,
				2.533,
				0.7,
				2.933,
				0,
				3.333,
				0
			]
		},
		{
			"Target": "Parameter",
			"Id": "ParamEyeBallY",
			"Segments": [
				0,
				0,
				1,
				0.111,
				0,
				0.222,
				0,
				0.333,
				0,
				1,
				0.933,
				0,
				1.533,
				0.2,
				2.133,
				0.2,
				1,
				2.533,
				0.2,
				2.933,
				0,
				3.333,
				0
			]
		},
		{
			"Target": "Parameter",
			"Id": "Param44",
			"Segments": [
				0,
				1,
				0,
				3.333,
				1
			]
		},
		{
			"Target": "Parameter",
			"Id": "Param29",
			"Segments": [
				0,
				0,
				0,
				3.333,
				0
			]
		},
		{
			"Target": "Parameter",
			"Id": "Param28",
			"Segments": [
				0,
				0,
				0,
				3.333,
				0
			]
		},
		{
			"Target": "Parameter",
			"Id": "Param25",
			"Segments": [
				0,
				0,
				0,
				3.333,
				0
			]
		},
		{
			"Target": "Parameter",
			"Id": "Param27",
			"Segments": [
				0,
				0,
				1,
				0.111,
				0,
				0.222,
				0.9,
				0.333,
				0.9,
				1,
				1.1,
				0.9,
				1.867,
				0.9,
				2.633,
				0.9,
				1,
				2.867,
				0.9,
				3.1,
				0,
				3.333,
				0
			]
		},
		{
			"Target": "Parameter",
			"Id": "Param26",
			"Segments": [
				0,
				-1.9,
				0,
				3.333,
				-1.9
			]
		},
		{
			"Target": "Parameter",
			"Id": "Param50",
			"Segments": [
				0,
				0,
				0,
				3.333,
				0
			]
		},
		{
			"Target": "Parameter",
			"Id": "Param30",
			"Segments": [
				0,
				-4.7,
				0,
				3.333,
				-4.7
			]
		},
		{
			"Target": "Parameter",
			"Id": "Param31",
			"Segments": [
				0,
				10,
				0,
				3.333,
				10
			]
		},
		{
			"Target": "Parameter",
			"Id": "Param41",
			"Segments": [
				0,
				-5.8,
				0,
				3.333,
				-5.8
			]
		},
		{
			"Target": "Parameter",
			"Id": "Param43",
			"Segments": [
				0,
				-4,
				0,
				3.333,
				-4
			]
		},
		{
			"Target": "Parameter",
			"Id": "Param23",
			"Segments": [
				0,
				0,
				1,
				0.111,
				0,
				0.222,
				0.5,
				0.333,
				0.5,
				1,
				1.122,
				0.5,
				1.911,
				0.5,
				2.7,
				0.5,
				1,
				2.911,
				0.5,
				3.122,
				0,
				3.333,
				0
			]
		},
		{
			"Target": "Parameter",
			"Id": "Param33",
			"Segments": [
				0,
				0,
				0,
				3.333,
				0
			]
		},
		{
			"Target": "Parameter",
			"Id": "Param47",
			"Segments": [
				0,
				0,
				0,
				3.333,
				0
			]
		},
		{
			"Target": "Parameter",
			"Id": "Param34",
			"Segments": [
				0,
				0,
				0,
				3.333,
				0
			]
		},
		{
			"Target": "Parameter",
			"Id": "Param35",
			"Segments": [
				0,
				0,
				0,
				3.333,
				0
			]
		}
	]
}