{
	"Version": 3,
	"Meta": {
		"Duration": 4,
		"Fps": 30.0,
		"Loop": true,
		"AreBeziersRestricted": true,
		"CurveCount": 22,
		"TotalSegmentCount": 56,
		"TotalPointCount": 144,
		"UserDataCount": 0,
		"TotalUserDataSize": 0
	},
	"Curves": [
		{
			"Target": "Parameter",
			"Id": "ParamAngleX",
			"Segments": [
				0,
				0,
				0,
				0.733,
				0,
				1,
				0.833,
				0,
				0.933,
				-7,
				1.033,
				-7,
				1,
				1.078,
				-7,
				1.122,
				-7,
				1.167,
				-7,
				1,
				1.444,
				-7,
				1.722,
				-4,
				2,
				-4,
				1,
				2.111,
				-4,
				2.222,
				12,
				2.333,
				12,
				1,
				2.733,
				12,
				3.133,
				12,
				3.533,
				12,
				1,
				3.689,
				12,
				3.844,
				0,
				4,
				0
			]
		},
		{
			"Target": "Parameter",
			"Id": "ParamAngleY",
			"Segments": [
				0,
				0,
				0,
				0.733,
				0,
				1,
				0.833,
				0,
				0.933,
				-8,
				1.033,
				-8,
				1,
				1.078,
				-8,
				1.122,
				-8,
				1.167,
				-8,
				1,
				1.444,
				-8,
				1.722,
				-4,
				2,
				-4,
				1,
				2.111,
				-4,
				2.222,
				-4,
				2.333,
				-4,
				1,
				2.733,
				-4,
				3.133,
				-4,
				3.533,
				-4,
				1,
				3.689,
				-4,
				3.844,
				0,
				4,
				0
			]
		},
		{
			"Target": "Parameter",
			"Id": "Param40",
			"Segments": [
				0,
				1,
				0,
				4,
				1
			]
		},
		{
			"Target": "Parameter",
			"Id": "ParamEyeLOpen",
			"Segments": [
				0,
				1,
				0,
				1.033,
				1,
				1,
				1.189,
				1,
				1.344,
				0.7,
				1.5,
				0.7,
				1,
				1.667,
				0.7,
				1.833,
				0.7,
				2,
				0.7,
				0,
				4,
				0.7
			]
		},
		{
			"Target": "Parameter",
			"Id": "ParamEyeROpen",
			"Segments": [
				0,
				1,
				0,
				1.033,
				1,
				1,
				1.189,
				1,
				1.344,
				0.7,
				1.5,
				0.7,
				1,
				1.667,
				0.7,
				1.833,
				0.7,
				2,
				0.7,
				0,
				4,
				0.7
			]
		},
		{
			"Target": "Parameter",
			"Id": "ParamEyeBallX",
			"Segments": [
				0,
				0,
				1,
				0.111,
				0,
				0.222,
				0,
				0.333,
				0,
				1,
				0.444,
				0,
				0.556,
				1,
				0.667,
				1,
				1,
				0.767,
				1,
				0.867,
				1,
				0.967,
				1,
				1,
				1.089,
				1,
				1.211,
				-0.8,
				1.333,
				-0.8,
				1,
				1.344,
				-0.8,
				1.356,
				-0.8,
				1.367,
				-0.8,
				1,
				1.644,
				-0.8,
				1.922,
				1,
				2.2,
				1,
				1,
				2.467,
				1,
				2.733,
				0,
				3,
				0,
				0,
				4,
				0
			]
		},
		{
			"Target": "Parameter",
			"Id": "ParamEyeBallY",
			"Segments": [
				0,
				0,
				1,
				0.111,
				0,
				0.222,
				0,
				0.333,
				0,
				1,
				0.444,
				0,
				0.556,
				1,
				0.667,
				1,
				1,
				0.767,
				1,
				0.867,
				1,
				0.967,
				1,
				1,
				1.089,
				1,
				1.211,
				-0.6,
				1.333,
				-0.6,
				1,
				1.344,
				-0.6,
				1.356,
				-0.6,
				1.367,
				-0.6,
				1,
				1.644,
				-0.6,
				1.922,
				-0.579,
				2.2,
				-0.4,
				1,
				2.467,
				-0.228,
				2.733,
				0,
				3,
				0,
				0,
				4,
				0
			]
		},
		{
			"Target": "Parameter",
			"Id": "exp7",
			"Segments": [
				0,
				0,
				1,
				0.078,
				0,
				0.156,
				1,
				0.233,
				1,
				1,
				1.378,
				1,
				2.522,
				1,
				3.667,
				1,
				1,
				3.778,
				1,
				3.889,
				0,
				4,
				0
			]
		},
		{
			"Target": "Parameter",
			"Id": "Param44",
			"Segments": [
				0,
				1,
				0,
				4,
				1
			]
		},
		{
			"Target": "Parameter",
			"Id": "Param29",
			"Segments": [
				0,
				0,
				0,
				4,
				0
			]
		},
		{
			"Target": "Parameter",
			"Id": "Param28",
			"Segments": [
				0,
				0,
				0,
				4,
				0
			]
		},
		{
			"Target": "Parameter",
			"Id": "Param25",
			"Segments": [
				0,
				0,
				0,
				4,
				0
			]
		},
		{
			"Target": "Parameter",
			"Id": "Param26",
			"Segments": [
				0,
				-1.9,
				0,
				4,
				-1.9
			]
		},
		{
			"Target": "Parameter",
			"Id": "Param50",
			"Segments": [
				0,
				0,
				0,
				4,
				0
			]
		},
		{
			"Target": "Parameter",
			"Id": "Param30",
			"Segments": [
				0,
				-4.7,
				0,
				4,
				-4.7
			]
		},
		{
			"Target": "Parameter",
			"Id": "Param31",
			"Segments": [
				0,
				10,
				0,
				4,
				10
			]
		},
		{
			"Target": "Parameter",
			"Id": "Param41",
			"Segments": [
				0,
				-5.8,
				0,
				4,
				-5.8
			]
		},
		{
			"Target": "Parameter",
			"Id": "Param43",
			"Segments": [
				0,
				-4,
				0,
				4,
				-4
			]
		},
		{
			"Target": "Parameter",
			"Id": "Param33",
			"Segments": [
				0,
				0,
				0,
				4,
				0
			]
		},
		{
			"Target": "Parameter",
			"Id": "Param47",
			"Segments": [
				0,
				0,
				0,
				4,
				0
			]
		},
		{
			"Target": "Parameter",
			"Id": "Param34",
			"Segments": [
				0,
				0,
				0,
				4,
				0
			]
		},
		{
			"Target": "Parameter",
			"Id": "Param35",
			"Segments": [
				0,
				0,
				0,
				4,
				0
			]
		}
	]
}