{
	"Version": 3,
	"Meta": {
		"Duration": 4.4,
		"Fps": 30.0,
		"Loop": true,
		"AreBeziersRestricted": true,
		"CurveCount": 17,
		"TotalSegmentCount": 50,
		"TotalPointCount": 133,
		"UserDataCount": 0,
		"TotalUserDataSize": 0
	},
	"Curves": [
		{
			"Target": "Parameter",
			"Id": "ParamAngleX",
			"Segments": [
				0,
				0,
				1,
				0.2,
				0,
				0.4,
				-15,
				0.6,
				-15,
				0,
				4.4,
				-15
			]
		},
		{
			"Target": "Parameter",
			"Id": "ParamAngleY",
			"Segments": [
				0,
				0,
				1,
				0.2,
				0,
				0.4,
				-10,
				0.6,
				-10,
				1,
				1.022,
				-10,
				1.444,
				-10,
				1.867,
				-10,
				1,
				1.944,
				-10,
				2.022,
				18,
				2.1,
				18,
				1,
				2.178,
				18,
				2.256,
				-28,
				2.333,
				-28,
				1,
				2.378,
				-28,
				2.422,
				6,
				2.467,
				6,
				1,
				2.511,
				6,
				2.556,
				-29,
				2.6,
				-29,
				1,
				2.667,
				-29,
				2.733,
				-7,
				2.8,
				-7,
				1,
				2.922,
				-7,
				3.044,
				-10,
				3.167,
				-10,
				1,
				3.244,
				-10,
				3.322,
				18,
				3.4,
				18,
				1,
				3.478,
				18,
				3.556,
				-28,
				3.633,
				-28,
				1,
				3.678,
				-28,
				3.722,
				6,
				3.767,
				6,
				1,
				3.811,
				6,
				3.856,
				-29,
				3.9,
				-29,
				1,
				3.967,
				-29,
				4.033,
				-7,
				4.1,
				-7,
				0,
				4.4,
				-7
			]
		},
		{
			"Target": "Parameter",
			"Id": "ParamAngleZ",
			"Segments": [
				0,
				30,
				0,
				1.267,
				30,
				1,
				2.211,
				30,
				3.156,
				30,
				4.1,
				30,
				1,
				4.2,
				30,
				4.3,
				0,
				4.4,
				0
			]
		},
		{
			"Target": "Parameter",
			"Id": "ParamEyeLOpen",
			"Segments": [
				0,
				1,
				0,
				0.833,
				1,
				1,
				0.9,
				1,
				0.967,
				0,
				1.033,
				0,
				1,
				1.067,
				0,
				1.1,
				0.7,
				1.133,
				0.7,
				1,
				2.144,
				0.7,
				3.156,
				0.7,
				4.167,
				0.7,
				1,
				4.244,
				0.7,
				4.322,
				1,
				4.4,
				1
			]
		},
		{
			"Target": "Parameter",
			"Id": "ParamEyeROpen",
			"Segments": [
				0,
				1,
				0,
				0.833,
				1,
				1,
				0.9,
				1,
				0.967,
				0,
				1.033,
				0,
				1,
				1.067,
				0,
				1.1,
				0.7,
				1.133,
				0.7,
				1,
				2.144,
				0.7,
				3.156,
				0.7,
				4.167,
				0.7,
				1,
				4.244,
				0.7,
				4.322,
				1,
				4.4,
				1
			]
		},
		{
			"Target": "Parameter",
			"Id": "Param27",
			"Segments": [
				0,
				0,
				0,
				0.833,
				0,
				1,
				1.022,
				0,
				1.211,
				-1,
				1.4,
				-1,
				1,
				2.267,
				-1,
				3.133,
				-1,
				4,
				-1,
				1,
				4.133,
				-1,
				4.267,
				0,
				4.4,
				0
			]
		},
		{
			"Target": "Parameter",
			"Id": "Param30",
			"Segments": [
				0,
				0,
				1,
				0.1,
				0,
				0.2,
				5,
				0.3,
				5,
				0,
				4.4,
				5
			]
		},
		{
			"Target": "Parameter",
			"Id": "Param19",
			"Segments": [
				0,
				4.5,
				0,
				4.4,
				4.5
			]
		},
		{
			"Target": "Parameter",
			"Id": "Param20",
			"Segments": [
				0,
				-0.1,
				0,
				4.4,
				-0.1
			]
		},
		{
			"Target": "Parameter",
			"Id": "Param31",
			"Segments": [
				0,
				-8,
				1,
				0.1,
				-8,
				0.2,
				-9.1,
				0.3,
				-9.1,
				0,
				4.4,
				-9.1
			]
		},
		{
			"Target": "Parameter",
			"Id": "Param41",
			"Segments": [
				0,
				-1.8,
				0,
				4.4,
				-1.8
			]
		},
		{
			"Target": "Parameter",
			"Id": "Param42",
			"Segments": [
				0,
				2.2,
				0,
				4.4,
				2.2
			]
		},
		{
			"Target": "Parameter",
			"Id": "Param43",
			"Segments": [
				0,
				-10,
				0,
				4.4,
				-10
			]
		},
		{
			"Target": "Parameter",
			"Id": "Param33",
			"Segments": [
				0,
				0,
				1,
				0.144,
				0,
				0.289,
				10,
				0.433,
				10,
				0,
				4.4,
				10
			]
		},
		{
			"Target": "Parameter",
			"Id": "Param47",
			"Segments": [
				0,
				0,
				1,
				0.044,
				0,
				0.089,
				10,
				0.133,
				10,
				0,
				4.4,
				10
			]
		},
		{
			"Target": "Parameter",
			"Id": "Param34",
			"Segments": [
				0,
				0,
				1,
				0.044,
				0,
				0.089,
				0.858,
				0.133,
				0.9,
				1,
				0.233,
				0.994,
				0.333,
				1,
				0.433,
				1,
				0,
				4.4,
				1
			]
		},
		{
			"Target": "Parameter",
			"Id": "Param35",
			"Segments": [
				0,
				0.9,
				0,
				4.4,
				0.9
			]
		}
	]
}