{
	"Version": 3,
	"Meta": {
		"Duration": 1.467,
		"Fps": 30.0,
		"Loop": true,
		"AreBeziersRestricted": true,
		"CurveCount": 13,
		"TotalSegmentCount": 25,
		"TotalPointCount": 66,
		"UserDataCount": 0,
		"TotalUserDataSize": 0
	},
	"Curves": [
		{
			"Target": "Parameter",
			"Id": "ParamAngleX",
			"Segments": [
				0,
				0,
				1,
				0.2,
				0,
				0.4,
				-15,
				0.6,
				-15,
				0,
				1.467,
				-15
			]
		},
		{
			"Target": "Parameter",
			"Id": "ParamAngleY",
			"Segments": [
				0,
				0,
				1,
				0.2,
				0,
				0.4,
				-10,
				0.6,
				-10,
				0,
				1.467,
				-10
			]
		},
		{
			"Target": "Parameter",
			"Id": "Param30",
			"Segments": [
				0,
				0,
				1,
				0.1,
				0,
				0.2,
				5,
				0.3,
				5,
				0,
				1.467,
				5
			]
		},
		{
			"Target": "Parameter",
			"Id": "Param19",
			"Segments": [
				0,
				4.5,
				0,
				1.467,
				4.5
			]
		},
		{
			"Target": "Parameter",
			"Id": "Param20",
			"Segments": [
				0,
				-0.1,
				0,
				1.467,
				-0.1
			]
		},
		{
			"Target": "Parameter",
			"Id": "Param31",
			"Segments": [
				0,
				-8,
				1,
				0.1,
				-8,
				0.2,
				-9.1,
				0.3,
				-9.1,
				0,
				1.467,
				-9.1
			]
		},
		{
			"Target": "Parameter",
			"Id": "Param41",
			"Segments": [
				0,
				-1.8,
				0,
				0.3,
				-1.8,
				1,
				0.689,
				-1.8,
				1.078,
				-1.8,
				1.467,
				-1.8
			]
		},
		{
			"Target": "Parameter",
			"Id": "Param42",
			"Segments": [
				0,
				2.2,
				0,
				0.3,
				2.2,
				1,
				0.689,
				2.2,
				1.078,
				2.2,
				1.467,
				2.2
			]
		},
		{
			"Target": "Parameter",
			"Id": "Param43",
			"Segments": [
				0,
				-10,
				0,
				0.3,
				-10,
				1,
				0.689,
				-10,
				1.078,
				-10,
				1.467,
				-10
			]
		},
		{
			"Target": "Parameter",
			"Id": "Param33",
			"Segments": [
				0,
				0,
				1,
				0.144,
				0,
				0.289,
				10,
				0.433,
				10,
				1,
				0.778,
				10,
				1.122,
				10,
				1.467,
				10
			]
		},
		{
			"Target": "Parameter",
			"Id": "Param47",
			"Segments": [
				0,
				0,
				1,
				0.044,
				0,
				0.089,
				10,
				0.133,
				10,
				0,
				1.467,
				10
			]
		},
		{
			"Target": "Parameter",
			"Id": "Param34",
			"Segments": [
				0,
				0,
				1,
				0.044,
				0,
				0.089,
				0.858,
				0.133,
				0.9,
				1,
				0.233,
				0.994,
				0.333,
				1,
				0.433,
				1,
				1,
				0.778,
				1,
				1.122,
				1,
				1.467,
				1
			]
		},
		{
			"Target": "Parameter",
			"Id": "Param35",
			"Segments": [
				0,
				0.9,
				0,
				0.433,
				0.9,
				1,
				0.778,
				0.9,
				1.122,
				0.9,
				1.467,
				0.9
			]
		}
	]
}