{
	"Version": 3,
	"Meta": {
		"Duration": 4.4,
		"Fps": 30.0,
		"Loop": true,
		"AreBeziersRestricted": true,
		"CurveCount": 18,
		"TotalSegmentCount": 58,
		"TotalPointCount": 154,
		"UserDataCount": 0,
		"TotalUserDataSize": 0
	},
	"Curves": [
		{
			"Target": "Parameter",
			"Id": "ParamAngleX",
			"Segments": [
				0,
				0,
				1,
				0.2,
				0,
				0.4,
				-15,
				0.6,
				-15,
				0,
				4.4,
				-15
			]
		},
		{
			"Target": "Parameter",
			"Id": "ParamAngleY",
			"Segments": [
				0,
				0,
				1,
				0.2,
				0,
				0.4,
				-10,
				0.6,
				-10,
				0,
				4.4,
				-10
			]
		},
		{
			"Target": "Parameter",
			"Id": "ParamAngleZ",
			"Segments": [
				0,
				30,
				0,
				1.267,
				30,
				1,
				2.311,
				30,
				3.356,
				0,
				4.4,
				0
			]
		},
		{
			"Target": "Parameter",
			"Id": "ParamBodyAngleY",
			"Segments": [
				0,
				9,
				0,
				1.333,
				9,
				1,
				1.544,
				9,
				1.756,
				-8,
				1.967,
				-8,
				1,
				2.178,
				-8,
				2.389,
				10,
				2.6,
				10,
				1,
				2.844,
				10,
				3.089,
				-8,
				3.333,
				-8,
				1,
				3.556,
				-8,
				3.778,
				0,
				4,
				0,
				0,
				4.4,
				0
			]
		},
		{
			"Target": "Parameter",
			"Id": "ParamEyeLOpen",
			"Segments": [
				0,
				1,
				0,
				0.833,
				1,
				1,
				0.9,
				1,
				0.967,
				0,
				1.033,
				0,
				1,
				1.067,
				0,
				1.1,
				0.7,
				1.133,
				0.7,
				1,
				1.422,
				0.7,
				1.711,
				0.7,
				2,
				0.7,
				1,
				2.089,
				0.7,
				2.178,
				0,
				2.267,
				0,
				1,
				2.311,
				0,
				2.356,
				0.7,
				2.4,
				0.7,
				1,
				2.733,
				0.7,
				3.067,
				0.7,
				3.4,
				0.7,
				1,
				3.489,
				0.7,
				3.578,
				0,
				3.667,
				0,
				1,
				3.711,
				0,
				3.756,
				0.7,
				3.8,
				0.7,
				1,
				3.922,
				0.7,
				4.044,
				0.7,
				4.167,
				0.7,
				1,
				4.244,
				0.7,
				4.322,
				1,
				4.4,
				1
			]
		},
		{
			"Target": "Parameter",
			"Id": "ParamEyeROpen",
			"Segments": [
				0,
				1,
				0,
				0.833,
				1,
				1,
				0.9,
				1,
				0.967,
				0,
				1.033,
				0,
				1,
				1.067,
				0,
				1.1,
				0.7,
				1.133,
				0.7,
				1,
				1.422,
				0.7,
				1.711,
				0.7,
				2,
				0.7,
				1,
				2.089,
				0.7,
				2.178,
				0,
				2.267,
				0,
				1,
				2.311,
				0,
				2.356,
				0.7,
				2.4,
				0.7,
				1,
				2.733,
				0.7,
				3.067,
				0.7,
				3.4,
				0.7,
				1,
				3.489,
				0.7,
				3.578,
				0,
				3.667,
				0,
				1,
				3.711,
				0,
				3.756,
				0.7,
				3.8,
				0.7,
				1,
				3.922,
				0.7,
				4.044,
				0.7,
				4.167,
				0.7,
				1,
				4.244,
				0.7,
				4.322,
				1,
				4.4,
				1
			]
		},
		{
			"Target": "Parameter",
			"Id": "Param27",
			"Segments": [
				0,
				0,
				0,
				0.833,
				0,
				1,
				1.022,
				0,
				1.211,
				1,
				1.4,
				1,
				1,
				1.6,
				1,
				1.8,
				-1,
				2,
				-1,
				1,
				2.189,
				-1,
				2.378,
				1,
				2.567,
				1,
				1,
				2.822,
				1,
				3.078,
				-1,
				3.333,
				-1,
				1,
				3.556,
				-1,
				3.778,
				1,
				4,
				1,
				1,
				4.133,
				1,
				4.267,
				0,
				4.4,
				0
			]
		},
		{
			"Target": "Parameter",
			"Id": "Param30",
			"Segments": [
				0,
				0,
				1,
				0.1,
				0,
				0.2,
				5,
				0.3,
				5,
				0,
				4.4,
				5
			]
		},
		{
			"Target": "Parameter",
			"Id": "Param19",
			"Segments": [
				0,
				4.5,
				0,
				4.4,
				4.5
			]
		},
		{
			"Target": "Parameter",
			"Id": "Param20",
			"Segments": [
				0,
				-0.1,
				0,
				4.4,
				-0.1
			]
		},
		{
			"Target": "Parameter",
			"Id": "Param31",
			"Segments": [
				0,
				-8,
				1,
				0.1,
				-8,
				0.2,
				-9.1,
				0.3,
				-9.1,
				0,
				4.4,
				-9.1
			]
		},
		{
			"Target": "Parameter",
			"Id": "Param41",
			"Segments": [
				0,
				-1.8,
				0,
				4.4,
				-1.8
			]
		},
		{
			"Target": "Parameter",
			"Id": "Param42",
			"Segments": [
				0,
				2.2,
				0,
				4.4,
				2.2
			]
		},
		{
			"Target": "Parameter",
			"Id": "Param43",
			"Segments": [
				0,
				-10,
				0,
				4.4,
				-10
			]
		},
		{
			"Target": "Parameter",
			"Id": "Param33",
			"Segments": [
				0,
				0,
				1,
				0.144,
				0,
				0.289,
				10,
				0.433,
				10,
				0,
				4.4,
				10
			]
		},
		{
			"Target": "Parameter",
			"Id": "Param47",
			"Segments": [
				0,
				0,
				1,
				0.044,
				0,
				0.089,
				10,
				0.133,
				10,
				0,
				4.4,
				10
			]
		},
		{
			"Target": "Parameter",
			"Id": "Param34",
			"Segments": [
				0,
				0,
				1,
				0.044,
				0,
				0.089,
				0.858,
				0.133,
				0.9,
				1,
				0.233,
				0.994,
				0.333,
				1,
				0.433,
				1,
				0,
				4.4,
				1
			]
		},
		{
			"Target": "Parameter",
			"Id": "Param35",
			"Segments": [
				0,
				0.9,
				0,
				4.4,
				0.9
			]
		}
	]
}