{
	"Version": 3,
	"Meta": {
		"Duration": 1,
		"Fps": 30.0,
		"Loop": true,
		"AreBeziersRestricted": true,
		"CurveCount": 1,
		"TotalSegmentCount": 6,
		"TotalPointCount": 19,
		"UserDataCount": 0,
		"TotalUserDataSize": 0
	},
	"Curves": [
		{
			"Target": "Parameter",
			"Id": "ParamMouthOpenY",
			"Segments": [
				0,
				0,
				1,
				0.056,
				0,
				0.111,
				1,
				0.167,
				1,
				1,
				0.222,
				1,
				0.278,
				0,
				0.333,
				0,
				1,
				0.389,
				0,
				0.444,
				1,
				0.5,
				1,
				1,
				0.556,
				1,
				0.611,
				0,
				0.667,
				0,
				1,
				0.722,
				0,
				0.778,
				1,
				0.833,
				1,
				1,
				0.889,
				1,
				0.944,
				0,
				1,
				0
			]
		}
	]
}