{
	"Version": 3,
	"Meta": {
		"Duration": 8.1,
		"Fps": 30.0,
		"Loop": true,
		"AreBeziersRestricted": true,
		"CurveCount": 10,
		"TotalSegmentCount": 104,
		"TotalPointCount": 298,
		"UserDataCount": 0,
		"TotalUserDataSize": 0
	},
	"Curves": [
		{
			"Target": "Parameter",
			"Id": "Param51",
			"Segments": [
				0,
				1,
				1,
				1.978,
				1,
				3.956,
				1,
				5.933,
				1,
				1,
				5.944,
				1,
				5.956,
				0,
				5.967,
				0,
				0,
				8.1,
				0
			]
		},
		{
			"Target": "Parameter",
			"Id": "Param52",
			"Segments": [
				0,
				1,
				1,
				1.978,
				1,
				3.956,
				1,
				5.933,
				1,
				1,
				5.944,
				1,
				5.956,
				0,
				5.967,
				0,
				0,
				8.1,
				0
			]
		},
		{
			"Target": "Parameter",
			"Id": "Param24",
			"Segments": [
				0,
				0,
				0,
				1.167,
				0,
				1,
				1.178,
				0,
				1.189,
				1,
				1.2,
				1,
				1,
				1.456,
				1,
				1.711,
				1,
				1.967,
				1,
				1,
				2.289,
				1,
				2.611,
				0,
				2.933,
				0,
				1,
				3.267,
				0,
				3.6,
				0,
				3.933,
				0,
				1,
				3.956,
				0,
				3.978,
				1,
				4,
				1,
				1,
				4.567,
				1,
				5.133,
				1,
				5.7,
				1,
				1,
				5.711,
				1,
				5.722,
				0,
				5.733,
				0,
				0,
				8.1,
				0
			]
		},
		{
			"Target": "Parameter",
			"Id": "Param32",
			"Segments": [
				0,
				1,
				1,
				0.522,
				1,
				1.044,
				1,
				1.567,
				1,
				1,
				1.578,
				1,
				1.589,
				-0.1,
				1.6,
				-0.1,
				1,
				1.9,
				-0.1,
				2.2,
				-0.072,
				2.5,
				0,
				1,
				2.522,
				0.005,
				2.544,
				0.897,
				2.567,
				0.9,
				1,
				3.156,
				0.969,
				3.744,
				1,
				4.333,
				1,
				1,
				4.356,
				1,
				4.378,
				-0.1,
				4.4,
				-0.1,
				1,
				4.7,
				-0.1,
				5,
				0,
				5.3,
				0,
				0,
				8.1,
				0
			]
		},
		{
			"Target": "Parameter",
			"Id": "Param28",
			"Segments": [
				0,
				1,
				0,
				8.1,
				1
			]
		},
		{
			"Target": "Parameter",
			"Id": "Param27",
			"Segments": [
				0,
				0,
				1,
				0.067,
				0,
				0.133,
				-1,
				0.2,
				-1,
				1,
				0.344,
				-1,
				0.489,
				1,
				0.633,
				1,
				1,
				0.8,
				1,
				0.967,
				-1,
				1.133,
				-1,
				1,
				1.278,
				-1,
				1.422,
				1,
				1.567,
				1,
				1,
				1.711,
				1,
				1.856,
				-1,
				2,
				-1,
				1,
				2.167,
				-1,
				2.333,
				1,
				2.5,
				1,
				1,
				2.656,
				1,
				2.811,
				-1,
				2.967,
				-1,
				1,
				3.122,
				-1,
				3.278,
				1,
				3.433,
				1,
				1,
				3.589,
				1,
				3.744,
				-1,
				3.9,
				-1,
				1,
				4.044,
				-1,
				4.189,
				1,
				4.333,
				1,
				1,
				4.489,
				1,
				4.644,
				-1,
				4.8,
				-1,
				1,
				4.967,
				-1,
				5.133,
				1,
				5.3,
				1,
				1,
				5.433,
				1,
				5.567,
				-1,
				5.7,
				-1,
				1,
				5.789,
				-1,
				5.878,
				0,
				5.967,
				0,
				0,
				8.1,
				0
			]
		},
		{
			"Target": "Parameter",
			"Id": "Param26",
			"Segments": [
				0,
				0,
				0,
				1.3,
				0,
				1,
				1.4,
				-1.291,
				1.5,
				-2,
				1.6,
				-2,
				1,
				1.7,
				-2,
				1.8,
				-1.138,
				1.9,
				0,
				1,
				2,
				0,
				2.1,
				0,
				2.2,
				0,
				1,
				2.289,
				-0.602,
				2.378,
				-2,
				2.467,
				-1.8,
				1,
				2.556,
				-2,
				2.644,
				-0.488,
				2.733,
				0,
				1,
				3.189,
				0,
				3.644,
				0,
				4.1,
				0,
				1,
				4.2,
				-1.303,
				4.3,
				-2,
				4.4,
				-2,
				1,
				4.522,
				-2,
				4.644,
				-0.988,
				4.767,
				0,
				1,
				4.811,
				0,
				4.856,
				0,
				4.9,
				0,
				1,
				5.056,
				-0.356,
				5.211,
				-2,
				5.367,
				-1.8,
				1,
				5.456,
				-1.976,
				5.544,
				-0.327,
				5.633,
				0,
				0,
				8.1,
				0
			]
		},
		{
			"Target": "Parameter",
			"Id": "Param50",
			"Segments": [
				0,
				-0.2,
				1,
				0.089,
				-1.35,
				0.178,
				-2,
				0.267,
				-2,
				1,
				0.367,
				-2,
				0.467,
				-1.177,
				0.567,
				-0.1,
				1,
				0.622,
				-0.1,
				0.678,
				-0.1,
				0.733,
				-0.1,
				1,
				0.756,
				-0.1,
				0.778,
				-0.1,
				0.8,
				-0.1,
				1,
				0.9,
				-1.333,
				1,
				-2,
				1.1,
				-2,
				1,
				1.189,
				-2,
				1.278,
				-1.712,
				1.367,
				0,
				1,
				1.767,
				0,
				2.167,
				0,
				2.567,
				0,
				1,
				2.689,
				-0.651,
				2.811,
				-2,
				2.933,
				-2,
				1,
				3.044,
				-2,
				3.156,
				-0.606,
				3.267,
				-0.1,
				1,
				3.344,
				-0.1,
				3.422,
				-0.1,
				3.5,
				-0.1,
				1,
				3.533,
				-0.1,
				3.567,
				-0.1,
				3.6,
				-0.1,
				1,
				3.7,
				-0.93,
				3.8,
				-2,
				3.9,
				-2,
				1,
				4,
				-2,
				4.1,
				-1.057,
				4.2,
				0,
				0,
				8.1,
				0
			]
		},
		{
			"Target": "Parameter",
			"Id": "Param23",
			"Segments": [
				0,
				0,
				1,
				0.067,
				0,
				0.133,
				1.3,
				0.2,
				1.3,
				1,
				0.344,
				1.3,
				0.489,
				-2,
				0.633,
				-2,
				1,
				0.8,
				-2,
				0.967,
				1.3,
				1.133,
				1.3,
				1,
				1.222,
				1.332,
				1.311,
				0.72,
				1.4,
				0,
				1,
				1.5,
				0,
				1.6,
				-0.028,
				1.7,
				0.2,
				1,
				1.8,
				0.2,
				1.9,
				1.4,
				2,
				1.4,
				1,
				2.1,
				1.476,
				2.2,
				0.688,
				2.3,
				-0.1,
				1,
				2.433,
				-0.1,
				2.567,
				-0.108,
				2.7,
				0,
				1,
				2.789,
				0,
				2.878,
				1.5,
				2.967,
				1.5,
				1,
				3.122,
				1.5,
				3.278,
				-2,
				3.433,
				-2,
				1,
				3.589,
				-2,
				3.744,
				1.3,
				3.9,
				1.3,
				1,
				4,
				1.386,
				4.1,
				0.781,
				4.2,
				0,
				1,
				4.289,
				0,
				4.378,
				-0.038,
				4.467,
				0.2,
				1,
				4.578,
				0.2,
				4.689,
				1.4,
				4.8,
				1.4,
				1,
				4.9,
				1.4,
				5,
				0.736,
				5.1,
				-0.1,
				1,
				5.2,
				-0.1,
				5.3,
				-0.125,
				5.4,
				0,
				1,
				5.5,
				0,
				5.6,
				1.5,
				5.7,
				1.5,
				1,
				5.789,
				1.5,
				5.878,
				0,
				5.967,
				0,
				0,
				8.1,
				0
			]
		},
		{
			"Target": "Parameter",
			"Id": "Param46",
			"Segments": [
				0,
				0,
				1,
				0.167,
				0,
				0.333,
				-0.1,
				0.5,
				-0.1,
				1,
				0.556,
				-0.1,
				0.611,
				1.566,
				0.667,
				1.5,
				1,
				0.744,
				1.5,
				0.822,
				0.918,
				0.9,
				0,
				1,
				0.978,
				-0.234,
				1.056,
				-0.2,
				1.133,
				-0.2,
				1,
				1.222,
				-0.2,
				1.311,
				0,
				1.4,
				0,
				1,
				1.456,
				0,
				1.511,
				1.4,
				1.567,
				1.4,
				1,
				1.711,
				1.4,
				1.856,
				-1.5,
				2,
				-1.5,
				1,
				2.167,
				-1.5,
				2.333,
				1.5,
				2.5,
				1.5,
				1,
				2.567,
				1.5,
				2.633,
				0.87,
				2.7,
				0,
				1,
				2.889,
				0,
				3.078,
				0,
				3.267,
				0,
				1,
				3.333,
				0.797,
				3.4,
				1.5,
				3.467,
				1.5,
				1,
				3.544,
				1.5,
				3.622,
				1.074,
				3.7,
				0,
				1,
				3.767,
				-0.243,
				3.833,
				-0.2,
				3.9,
				-0.2,
				1,
				4,
				-0.2,
				4.1,
				0,
				4.2,
				0,
				1,
				4.244,
				0,
				4.289,
				1.4,
				4.333,
				1.4,
				1,
				4.489,
				1.4,
				4.644,
				-1.5,
				4.8,
				-1.5,
				1,
				4.967,
				-1.5,
				5.133,
				1.5,
				5.3,
				1.5,
				1,
				5.433,
				1.5,
				5.567,
				1.87,
				5.7,
				0,
				0,
				8.1,
				0
			]
		}
	]
}