{
	"Version": 3,
	"Meta": {
		"Duration": 1.667,
		"Fps": 30.0,
		"Loop": true,
		"AreBeziersRestricted": true,
		"CurveCount": 2,
		"TotalSegmentCount": 2,
		"TotalPointCount": 6,
		"UserDataCount": 0,
		"TotalUserDataSize": 0
	},
	"Curves": [
		{
			"Target": "Parameter",
			"Id": "Param40",
			"Segments": [
				0,
				0,
				1,
				0.556,
				0,
				1.111,
				9,
				1.667,
				9
			]
		},
		{
			"Target": "Parameter",
			"Id": "Param53",
			"Segments": [
				0,
				1,
				0,
				1.667,
				1
			]
		}
	]
}