{
	"Version": 3,
	"Parameters": [
		{
			"Id": "ParamAngleX",
			"GroupId": "ParamGroup2",
			"Name": "角度 X"
		},
		{
			"Id": "ParamAngleY",
			"GroupId": "ParamGroup2",
			"Name": "角度 Y"
		},
		{
			"Id": "ParamAngleZ",
			"GroupId": "ParamGroup2",
			"Name": "角度 Z"
		},
		{
			"Id": "ParamBodyAngleX",
			"GroupId": "ParamGroup2",
			"Name": "身体旋转　X"
		},
		{
			"Id": "ParamBodyAngleY",
			"GroupId": "ParamGroup2",
			"Name": "身体旋转　Y"
		},
		{
			"Id": "ParamBodyAngleZ",
			"GroupId": "ParamGroup2",
			"Name": "身体旋转　Z"
		},
		{
			"Id": "ParamBodyAngleXX",
			"GroupId": "ParamGroup2",
			"Name": "身体旋转 XX"
		},
		{
			"Id": "ParamBodyAngleYY",
			"GroupId": "ParamGroup2",
			"Name": "身体旋转 YY"
		},
		{
			"Id": "ParamBodyAngleZZ",
			"GroupId": "ParamGroup2",
			"Name": "身体旋转 ZZ"
		},
		{
			"Id": "ParamBreath",
			"GroupId": "ParamGroup2",
			"Name": "呼吸"
		},
		{
			"Id": "Param40",
			"GroupId": "ParamGroup2",
			"Name": "爱心"
		},
		{
			"Id": "Param53",
			"GroupId": "ParamGroup2",
			"Name": "爱心开关"
		},
		{
			"Id": "Paramlefthand",
			"GroupId": "ParamGroup2",
			"Name": "左手 旋转"
		},
		{
			"Id": "Paramlefthandwl",
			"GroupId": "ParamGroup2",
			"Name": "左手"
		},
		{
			"Id": "Paramrighthand",
			"GroupId": "ParamGroup2",
			"Name": "右手 旋转"
		},
		{
			"Id": "Paramrighthandwl",
			"GroupId": "ParamGroup2",
			"Name": "右手"
		},
		{
			"Id": "ParamEyeLOpen",
			"GroupId": "ParamGroup3",
			"Name": "左眼"
		},
		{
			"Id": "ParamEyeROpen",
			"GroupId": "ParamGroup3",
			"Name": "右眼"
		},
		{
			"Id": "ParamEyeLSmile",
			"GroupId": "ParamGroup3",
			"Name": "左眼　微笑"
		},
		{
			"Id": "ParamEyeRSmile",
			"GroupId": "ParamGroup3",
			"Name": "右眼　微笑"
		},
		{
			"Id": "ParamBrowLY",
			"GroupId": "ParamGroup3",
			"Name": "左眉  上下"
		},
		{
			"Id": "ParamBrowLAngle",
			"GroupId": "ParamGroup3",
			"Name": "左眉　角度"
		},
		{
			"Id": "ParamBrowRY",
			"GroupId": "ParamGroup3",
			"Name": "右眉　上下"
		},
		{
			"Id": "ParamBrowRAngle",
			"GroupId": "ParamGroup3",
			"Name": "右眉　角度"
		},
		{
			"Id": "ParamMouthForm",
			"GroupId": "ParamGroup3",
			"Name": "嘴部　变形"
		},
		{
			"Id": "ParamMouthOpenY",
			"GroupId": "ParamGroup3",
			"Name": "嘴巴　开闭"
		},
		{
			"Id": "ParamEyeBallX",
			"GroupId": "ParamGroup3",
			"Name": "眼球 X"
		},
		{
			"Id": "ParamEyeBallY",
			"GroupId": "ParamGroup3",
			"Name": "眼球 Y"
		},
		{
			"Id": "exp1",
			"GroupId": "ParamGroup4",
			"Name": "比耶"
		},
		{
			"Id": "exp2",
			"GroupId": "ParamGroup4",
			"Name": "> <"
		},
		{
			"Id": "exp3",
			"GroupId": "ParamGroup4",
			"Name": "睡觉"
		},
		{
			"Id": "exp4",
			"GroupId": "ParamGroup4",
			"Name": "生气"
		},
		{
			"Id": "exp5",
			"GroupId": "ParamGroup4",
			"Name": "开心"
		},
		{
			"Id": "exp6",
			"GroupId": "ParamGroup4",
			"Name": "呲牙"
		},
		{
			"Id": "exp7",
			"GroupId": "ParamGroup4",
			"Name": "脸黑"
		},
		{
			"Id": "exp8",
			"GroupId": "ParamGroup4",
			"Name": "脸红"
		},
		{
			"Id": "exp9",
			"GroupId": "ParamGroup4",
			"Name": "A表情9"
		},
		{
			"Id": "Param2",
			"GroupId": "ParamGroup5",
			"Name": "箱子开"
		},
		{
			"Id": "Param16",
			"GroupId": "ParamGroup5",
			"Name": "开箱子出现"
		},
		{
			"Id": "Param39",
			"GroupId": "ParamGroup5",
			"Name": "开箱子图层变化"
		},
		{
			"Id": "Param36",
			"GroupId": "ParamGroup5",
			"Name": "箱子摇动"
		},
		{
			"Id": "Param37",
			"GroupId": "ParamGroup5",
			"Name": "箱子摇动物理输入"
		},
		{
			"Id": "Param17",
			"GroupId": "ParamGroup5",
			"Name": "关箱子出现"
		},
		{
			"Id": "Param45",
			"GroupId": "ParamGroup5",
			"Name": "关箱子出图层"
		},
		{
			"Id": "Param38",
			"GroupId": "ParamGroup5",
			"Name": "人身体变形"
		},
		{
			"Id": "Param44",
			"GroupId": "ParamGroup5",
			"Name": "丝袜透明度"
		},
		{
			"Id": "Param51",
			"GroupId": "ParamGroup7",
			"Name": "左手握拳"
		},
		{
			"Id": "Param52",
			"GroupId": "ParamGroup7",
			"Name": "右手握拳"
		},
		{
			"Id": "Param24",
			"GroupId": "ParamGroup7",
			"Name": "右手图层"
		},
		{
			"Id": "Param32",
			"GroupId": "ParamGroup7",
			"Name": "左手图层"
		},
		{
			"Id": "Param29",
			"GroupId": "ParamGroup7",
			"Name": "单右手旋转"
		},
		{
			"Id": "Param28",
			"GroupId": "ParamGroup7",
			"Name": "右手弯曲图层"
		},
		{
			"Id": "Param25",
			"GroupId": "ParamGroup7",
			"Name": "右拳出现"
		},
		{
			"Id": "Param27",
			"GroupId": "ParamGroup7",
			"Name": "扭动"
		},
		{
			"Id": "Param26",
			"GroupId": "ParamGroup7",
			"Name": "右手弯"
		},
		{
			"Id": "Param50",
			"GroupId": "ParamGroup7",
			"Name": "左手弯"
		},
		{
			"Id": "Param30",
			"GroupId": "ParamGroup6",
			"Name": "头z"
		},
		{
			"Id": "Param19",
			"GroupId": "ParamGroup6",
			"Name": "人x"
		},
		{
			"Id": "Param20",
			"GroupId": "ParamGroup6",
			"Name": "人y"
		},
		{
			"Id": "Param31",
			"GroupId": "ParamGroup6",
			"Name": "人z"
		},
		{
			"Id": "Param48",
			"GroupId": "ParamGroup6",
			"Name": "人摇晃"
		},
		{
			"Id": "Param49",
			"GroupId": "ParamGroup6",
			"Name": "人摇晃物理输入"
		},
		{
			"Id": "Param41",
			"GroupId": "ParamGroup6",
			"Name": "空气墙x"
		},
		{
			"Id": "Param42",
			"GroupId": "ParamGroup6",
			"Name": "空气墙y"
		},
		{
			"Id": "Param43",
			"GroupId": "ParamGroup6",
			"Name": "空气墙大小"
		},
		{
			"Id": "Param21",
			"GroupId": "ParamGroup6",
			"Name": "右腿弯"
		},
		{
			"Id": "Param22",
			"GroupId": "ParamGroup6",
			"Name": "左腿弯"
		},
		{
			"Id": "Param23",
			"GroupId": "ParamGroup6",
			"Name": "右手动"
		},
		{
			"Id": "Param46",
			"GroupId": "ParamGroup6",
			"Name": "左手动"
		},
		{
			"Id": "Param54",
			"GroupId": "ParamGroup6",
			"Name": "看手机手出来"
		},
		{
			"Id": "Param18",
			"GroupId": "ParamGroup8",
			"Name": "脸拖拽"
		},
		{
			"Id": "Param33",
			"GroupId": "ParamGroup9",
			"Name": "扒墙"
		},
		{
			"Id": "Param47",
			"GroupId": "ParamGroup9",
			"Name": "手消失"
		},
		{
			"Id": "Param34",
			"GroupId": "ParamGroup9",
			"Name": "扒墙手消失"
		},
		{
			"Id": "Param35",
			"GroupId": "ParamGroup9",
			"Name": "扒墙手转动"
		},
		{
			"Id": "xiongwlX",
			"GroupId": "ParamGroup",
			"Name": "胸X"
		},
		{
			"Id": "xiongwlY",
			"GroupId": "ParamGroup",
			"Name": "胸Y"
		},
		{
			"Id": "Param7",
			"GroupId": "ParamGroup",
			"Name": "左刘海1"
		},
		{
			"Id": "Param13",
			"GroupId": "ParamGroup",
			"Name": "左刘海2"
		},
		{
			"Id": "Param8",
			"GroupId": "ParamGroup",
			"Name": "左刘海3"
		},
		{
			"Id": "Param14",
			"GroupId": "ParamGroup",
			"Name": "右刘海1"
		},
		{
			"Id": "Param9",
			"GroupId": "ParamGroup",
			"Name": "右刘海2"
		},
		{
			"Id": "Param15",
			"GroupId": "ParamGroup",
			"Name": "右刘海3"
		},
		{
			"Id": "shetou1",
			"GroupId": "ParamGroup",
			"Name": "刘海1"
		},
		{
			"Id": "shetou2",
			"GroupId": "ParamGroup",
			"Name": "刘海2"
		},
		{
			"Id": "shetou3",
			"GroupId": "ParamGroup",
			"Name": "刘海3"
		},
		{
			"Id": "EyeL1",
			"GroupId": "ParamGroup",
			"Name": "左眼1"
		},
		{
			"Id": "EyeL2",
			"GroupId": "ParamGroup",
			"Name": "左眼2"
		},
		{
			"Id": "EyeR1",
			"GroupId": "ParamGroup",
			"Name": "右眼1"
		},
		{
			"Id": "EyeR2",
			"GroupId": "ParamGroup",
			"Name": "右眼2"
		},
		{
			"Id": "Param3",
			"GroupId": "ParamGroup",
			"Name": "左耳1"
		},
		{
			"Id": "Param4",
			"GroupId": "ParamGroup",
			"Name": "左耳2"
		},
		{
			"Id": "Param5",
			"GroupId": "ParamGroup",
			"Name": "右耳1"
		},
		{
			"Id": "Param6",
			"GroupId": "ParamGroup",
			"Name": "右耳2"
		},
		{
			"Id": "Param10",
			"GroupId": "ParamGroup",
			"Name": "辫子1"
		},
		{
			"Id": "Param11",
			"GroupId": "ParamGroup",
			"Name": "辫子2"
		},
		{
			"Id": "Param12",
			"GroupId": "ParamGroup",
			"Name": "辫子3"
		},
		{
			"Id": "shipin1",
			"GroupId": "ParamGroup",
			"Name": "饰品1"
		},
		{
			"Id": "Param",
			"GroupId": "ParamGroup",
			"Name": "饰品2"
		},
		{
			"Id": "waitaozuo1",
			"GroupId": "ParamGroup",
			"Name": "右手1"
		},
		{
			"Id": "waitaozuo5",
			"GroupId": "ParamGroup",
			"Name": "右手2"
		},
		{
			"Id": "waitaozuo6",
			"GroupId": "ParamGroup",
			"Name": "左手1"
		},
		{
			"Id": "waitaozuo7",
			"GroupId": "ParamGroup",
			"Name": "左手2"
		},
		{
			"Id": "waitaozuo4",
			"GroupId": "ParamGroup",
			"Name": "外套左1"
		},
		{
			"Id": "waitaozuo2",
			"GroupId": "ParamGroup",
			"Name": "外套左2"
		},
		{
			"Id": "waitaozuo3",
			"GroupId": "ParamGroup",
			"Name": "外套左3"
		},
		{
			"Id": "waitaoyou1",
			"GroupId": "ParamGroup",
			"Name": "外套右1"
		},
		{
			"Id": "waitaoyou2",
			"GroupId": "ParamGroup",
			"Name": "外套右2"
		},
		{
			"Id": "waitaoyou3",
			"GroupId": "ParamGroup",
			"Name": "外套右3"
		},
		{
			"Id": "qunzi1",
			"GroupId": "ParamGroup",
			"Name": "裙子1"
		},
		{
			"Id": "qunzi2",
			"GroupId": "ParamGroup",
			"Name": "裙子2"
		},
		{
			"Id": "qunzi3",
			"GroupId": "ParamGroup",
			"Name": "裙子3"
		}
	],
	"ParameterGroups": [
		{
			"Id": "ParamGroup2",
			"GroupId": "",
			"Name": "身体"
		},
		{
			"Id": "ParamGroup3",
			"GroupId": "",
			"Name": "五官"
		},
		{
			"Id": "ParamGroup4",
			"GroupId": "",
			"Name": "按键"
		},
		{
			"Id": "ParamGroup5",
			"GroupId": "",
			"Name": "出场退场"
		},
		{
			"Id": "ParamGroup7",
			"GroupId": "",
			"Name": "摆手舞"
		},
		{
			"Id": "ParamGroup6",
			"GroupId": "",
			"Name": "动画通用"
		},
		{
			"Id": "ParamGroup8",
			"GroupId": "",
			"Name": "拖拽脸"
		},
		{
			"Id": "ParamGroup9",
			"GroupId": "",
			"Name": "扒墙"
		},
		{
			"Id": "ParamGroup",
			"GroupId": "",
			"Name": "物理"
		}
	],
	"Parts": [
		{
			"Id": "Part32",
			"Name": "手机合成.PSD"
		},
		{
			"Id": "Part31",
			"Name": "表情.psd"
		},
		{
			"Id": "Part29",
			"Name": "爱心.psd"
		},
		{
			"Id": "Part25",
			"Name": "物理"
		},
		{
			"Id": "Part24",
			"Name": "人曲面"
		},
		{
			"Id": "Part",
			"Name": "箱子开"
		},
		{
			"Id": "Part2",
			"Name": "抬手左"
		},
		{
			"Id": "Part3",
			"Name": "抬手右"
		},
		{
			"Id": "Part4",
			"Name": "表情"
		},
		{
			"Id": "Part5",
			"Name": "前发"
		},
		{
			"Id": "Part6",
			"Name": "上衣 左"
		},
		{
			"Id": "Part7",
			"Name": "上衣右"
		},
		{
			"Id": "Part8",
			"Name": "脸"
		},
		{
			"Id": "Part15",
			"Name": "身子"
		},
		{
			"Id": "Part20",
			"Name": "后发"
		},
		{
			"Id": "Part30",
			"Name": "表情"
		},
		{
			"Id": "Part26",
			"Name": "分割线"
		},
		{
			"Id": "Part21",
			"Name": "头"
		},
		{
			"Id": "Part22",
			"Name": "身体"
		},
		{
			"Id": "Part9",
			"Name": "眼睛右"
		},
		{
			"Id": "Part10",
			"Name": "眼睛左"
		},
		{
			"Id": "Part11",
			"Name": "嘴"
		},
		{
			"Id": "Part12",
			"Name": "头"
		},
		{
			"Id": "Part14",
			"Name": "耳朵"
		},
		{
			"Id": "Part16",
			"Name": "组 16"
		},
		{
			"Id": "Part17",
			"Name": "身子"
		},
		{
			"Id": "Part18",
			"Name": "袖子左"
		},
		{
			"Id": "Part19",
			"Name": "袖子右"
		},
		{
			"Id": "Part28",
			"Name": "头"
		},
		{
			"Id": "Part27",
			"Name": "身"
		},
		{
			"Id": "Part42",
			"Name": "头"
		},
		{
			"Id": "Part53",
			"Name": "下半身"
		},
		{
			"Id": "Part52",
			"Name": "上半身"
		},
		{
			"Id": "Part13",
			"Name": "刘海阴影"
		},
		{
			"Id": "Part49",
			"Name": "前发"
		},
		{
			"Id": "Part44",
			"Name": "五官"
		},
		{
			"Id": "Part43",
			"Name": "脸"
		},
		{
			"Id": "Part23",
			"Name": "后发"
		},
		{
			"Id": "Part50",
			"Name": "嘴"
		},
		{
			"Id": "Part48",
			"Name": "耳"
		},
		{
			"Id": "Part45",
			"Name": "双眼"
		},
		{
			"Id": "Part47",
			"Name": "右眼"
		},
		{
			"Id": "Part46",
			"Name": "左眼"
		}
	],
	"CombinedParameters": [
		[
			"ParamMouthForm",
			"ParamMouthOpenY"
		],
		[
			"ParamEyeBallX",
			"ParamEyeBallY"
		],
		[
			"Param19",
			"Param20"
		]
	]
}