{
	"Version": 3,
	"FileReferences": {
		"Moc": "NIKA.moc3",
		"Textures": [
			"NIKA.4096/texture_00.png"
		],
		"Physics": "NIKA.physics3.json",
		"DisplayInfo": "NIKA.cdi3.json",
		"Expressions": [
			{
				"Name": "ANGRY",
				"File": "expressions/angry_brow.exp3.json"
			},
		
			{
				"Name": "HAPPY",
				"File": "expressions/happy.exp3.json"
			},
			{
				"Name": "sleep",
				"File": "expressions/sleep.exp3.json"
			},
			{
				"Name": "teeth",
				"File": "expressions/teeth.exp3.json"
			},
			{
				"Name": "star",
				"File": "expressions/star.exp3.json"
			},
			{
				"Name": "yeah",
				"File": "expressions/yeah.exp3.json"
			},{
				"Name":"NORMAL",
				"File":"expressions/idle.exp3.json"
			},{
				"Name":"xianqi",
				"File":"expressions/xianqi.exp3.json"
			}
		],
		"Motions": {
			"Breathing":[
				{
					"File":"motions/idle.motion3.json"
				}
			],
			"Draging": [
				{
					"File": "motions/draging.motion3.json"
				}
			],
			"DragUp": [
				{
					"File": "motions/drag_up.motion3.json"
				}
			],
			"DragDown": [
				{
					"File": "motions/drag_down.motion3.json"
				}
			],
			"TapHead": [
				{
					"File": "motions/tap_head.motion3.json"
				}
			],
			"TapBody": [
				{
					"File": "motions/waving_dance.motion3.json"
				}
			],
			"JumpBack": [
				{
					"File": "motions/jump_back.motion3.json"
				}
			],
			"JumpOut": [
				{
					"File": "motions/jump_out.motion3.json"
				}
			],
			"LEFT_SAYING": [
				{
					"File": "motions/left_saying.motion3.json"
				}
			],
			"LEFT_HEARING": [
				{
					"File": "motions/left_hearing.motion3.json"
				}
			],
			"LEFT_BORING": [
				{
					"File": "motions/left_boring.motion3.json"
				}
			],
			"LEFT_NORMAL": [
				{
					"File": "motions/left_normal.motion3.json"
				}
			],
			"RIGHT_SAYING": [
				{
					"File": "motions/right_saying.motion3.json"
				}
			],"RIGHT_HEARING": [
				{
					"File": "motions/right_hearing.motion3.json"
				}
			],"RIGHT_BORING": [
				{
					"File": "motions/right_boring.motion3.json"
				}
			],"RIGHT_NORMAL": [
				{
					"File": "motions/right_normal.motion3.json"
				}
			],
			
			"Thinking":[
				{
					"File": "motions/hearing.motion3.json"
				}
			],
			"Saying":[
				{
					"File":"motions/saying.motion3.json"
				}
			],
			"HoldPhone":[
				{
					"File":"motions/hold_phone.motion3.json"
				}
			]
		}
	},
	"Groups": [
		{
			"Target": "Parameter",
			"Name": "LipSync",
			"Ids": []
		},
		{
			"Target": "Parameter",
			"Name": "EyeBlink",
			"Ids": [
				"ParamEyeLOpen",
				"ParamEyeROpen"
			]
		}
	]
}